# Blender 5.2.2 LTS
# www.blender.org
o torso
v 0.000000 -24.360479 10.500207
v 0.000000 -27.259310 10.142421
v 0.000000 -29.960590 9.093447
v 0.000000 -35.179062 2.717654
v 0.000000 -35.560699 0.000000
v 0.000000 -35.179062 -2.717654
v 0.000000 -29.960590 -9.093447
v 0.000000 -27.259310 -10.142421
v 0.000000 -24.360479 -10.500207
v -1.511642 -27.117432 10.142421
v -2.920268 -29.686501 9.093447
v -4.129883 -31.892612 7.424768
v -5.058053 -33.585419 5.250103
v -5.641526 -34.649563 2.717654
v -5.840537 -35.012524 0.000000
v -5.641526 -34.649563 -2.717654
v -5.058053 -33.585419 -5.250103
v -4.129883 -31.892612 -7.424768
v -2.920268 -29.686501 -9.093447
v -1.511642 -27.117432 -10.142421
v -2.875314 -26.705683 10.142421
v -5.554681 -28.891064 9.093447
v -7.855505 -30.767693 7.424768
v -9.620988 -32.207684 5.250103
v -10.730819 -33.112896 2.717654
v -11.109362 -33.421650 0.000000
v -10.730819 -33.112896 -2.717654
v -9.620988 -32.207684 -5.250103
v -7.855505 -30.767693 -7.424768
v -5.554681 -28.891064 -9.093447
v -2.875314 -26.705683 -10.142421
v -3.957530 -26.064369 10.142421
v -7.645362 -27.652142 9.093447
v -10.812175 -29.015593 7.424768
v -13.242154 -30.061806 5.250103
v -14.769706 -30.719482 2.717654
v -15.290724 -30.943804 0.000000
v -14.769706 -30.719482 -2.717654
v -13.242154 -30.061806 -5.250103
v -10.812175 -29.015593 -7.424768
v -7.645362 -27.652142 -9.093447
v -3.957530 -26.064369 -10.142421
v -4.652356 -25.256268 10.142421
v -8.987662 -26.091009 9.093447
v -12.710472 -26.807817 7.424768
v -15.567087 -27.357845 5.250103
v -17.362833 -27.703606 2.717654
v -17.975325 -27.821537 0.000000
v -17.362833 -27.703606 -2.717654
v -15.567087 -27.357845 -5.250103
v -12.710472 -26.807817 -7.424768
v -8.987662 -26.091009 -9.093447
v -4.652356 -25.256268 -10.142421
v -4.891777 -24.360479 10.142421
v -9.450188 -24.360479 9.093447
v -13.364583 -24.360479 7.424768
v -16.368204 -24.360479 5.250103
v -18.256361 -24.360479 2.717654
v -18.900375 -24.360479 0.000000
v -18.256361 -24.360479 -2.717654
v -16.368204 -24.360479 -5.250103
v -13.364583 -24.360479 -7.424768
v -9.450188 -24.360479 -9.093447
v -4.891777 -24.360479 -10.142421
v -4.652356 -23.464691 10.142421
v -8.987663 -22.629950 9.093447
v -12.710474 -21.913141 7.424768
v -15.567088 -21.363115 5.250103
v -17.362833 -21.017353 2.717654
v -17.975327 -20.899420 0.000000
v -17.362833 -21.017353 -2.717654
v -15.567088 -21.363115 -5.250103
v -12.710474 -21.913141 -7.424768
v -8.987663 -22.629950 -9.093447
v -4.652356 -23.464691 -10.142421
v -3.957530 -22.656590 10.142421
v -7.645362 -21.068817 9.093447
v -10.812175 -19.705364 7.424768
v -13.242157 -18.659153 5.250103
v -14.769707 -18.001474 2.717654
v -15.290725 -17.777153 0.000000
v -14.769707 -18.001474 -2.717654
v -13.242157 -18.659153 -5.250103
v -10.812175 -19.705364 -7.424768
v -7.645362 -21.068817 -9.093447
v -3.957530 -22.656590 -10.142421
v -2.875314 -22.015276 10.142421
v -5.554681 -19.829893 9.093447
v -7.855506 -17.953264 7.424768
v -9.620992 -16.513275 5.250103
v -10.730822 -15.608060 2.717654
v -11.109363 -15.299308 0.000000
v -10.730822 -15.608060 -2.717654
v -9.620992 -16.513275 -5.250103
v -7.855506 -17.953264 -7.424768
v -5.554681 -19.829893 -9.093447
v -2.875314 -22.015276 -10.142421
v -1.511642 -21.603527 10.142421
v -2.920269 -19.034456 9.093447
v -4.129884 -16.828346 7.424768
v -5.058055 -15.135537 5.250103
v -5.641527 -14.071392 2.717654
v -5.840538 -13.708433 0.000000
v -5.641527 -14.071392 -2.717654
v -5.058055 -15.135537 -5.250103
v -4.129884 -16.828346 -7.424768
v -2.920269 -19.034456 -9.093447
v -1.511642 -21.603527 -10.142421
v 0.000000 -21.461649 10.142421
v 0.000000 -18.760368 9.093447
v -0.000000 -16.440725 7.424768
v -0.000001 -14.660800 5.250103
v 0.000000 -13.541892 2.717654
v 0.000000 -13.160255 0.000000
v 0.000000 -13.541892 -2.717654
v -0.000001 -14.660800 -5.250103
v -0.000000 -16.440725 -7.424768
v 0.000000 -18.760368 -9.093447
v 0.000000 -21.461649 -10.142421
v 1.511643 -21.603527 10.142421
v 2.920269 -19.034456 9.093447
v 4.129883 -16.828346 7.424768
v 5.058054 -15.135536 5.250103
v 5.641528 -14.071391 2.717654
v 5.840538 -13.708433 0.000000
v 5.641528 -14.071391 -2.717654
v 5.058054 -15.135536 -5.250103
v 4.129883 -16.828346 -7.424768
v 2.920269 -19.034456 -9.093447
v 1.511643 -21.603527 -10.142421
v 2.875315 -22.015276 10.142421
v 5.554682 -19.829893 9.093447
v 7.855506 -17.953264 7.424768
v 9.620992 -16.513273 5.250103
v 10.730824 -15.608058 2.717654
v 11.109365 -15.299308 0.000000
v 10.730824 -15.608058 -2.717654
v 9.620992 -16.513273 -5.250103
v 7.855506 -17.953264 -7.424768
v 5.554682 -19.829893 -9.093447
v 2.875315 -22.015276 -10.142421
v 3.957531 -22.656590 10.142421
v 7.645365 -21.068815 9.093447
v 10.812177 -19.705364 7.424768
v 13.242160 -18.659149 5.250103
v 14.769712 -18.001472 2.717654
v 15.290730 -17.777153 0.000000
v 14.769712 -18.001472 -2.717654
v 13.242160 -18.659149 -5.250103
v 10.812177 -19.705364 -7.424768
v 7.645365 -21.068815 -9.093447
v 3.957531 -22.656590 -10.142421
v 4.652357 -23.464691 10.142421
v 8.987665 -22.629950 9.093447
v 12.710476 -21.913139 7.424768
v 15.567094 -21.363113 5.250103
v 17.362839 -21.017353 2.717654
v 17.975330 -20.899418 0.000000
v 17.362839 -21.017353 -2.717654
v 15.567094 -21.363113 -5.250103
v 12.710476 -21.913139 -7.424768
v 8.987665 -22.629950 -9.093447
v 4.652357 -23.464691 -10.142421
v 4.891778 -24.360479 10.142421
v 9.450191 -24.360479 9.093447
v 13.364586 -24.360479 7.424768
v 16.368210 -24.360479 5.250103
v 18.256371 -24.360479 2.717654
v 18.900383 -24.360479 0.000000
v 18.256371 -24.360479 -2.717654
v 16.368210 -24.360479 -5.250103
v 13.364586 -24.360479 -7.424768
v 9.450191 -24.360479 -9.093447
v 4.891778 -24.360479 -10.142421
v 4.652357 -25.256268 10.142421
v 8.987666 -26.091009 9.093447
v 12.710478 -26.807817 7.424768
v 15.567094 -27.357845 5.250103
v 17.362839 -27.703608 2.717654
v 17.975332 -27.821541 0.000000
v 17.362839 -27.703608 -2.717654
v 15.567094 -27.357845 -5.250103
v 12.710478 -26.807817 -7.424768
v 8.987666 -26.091009 -9.093447
v 4.652357 -25.256268 -10.142421
v 3.957531 -26.064369 10.142421
v 7.645366 -27.652143 9.093447
v 10.812179 -29.015594 7.424768
v 13.242161 -30.061810 5.250103
v 14.769713 -30.719486 2.717654
v 15.290731 -30.943808 0.000000
v 14.769713 -30.719486 -2.717654
v 13.242161 -30.061810 -5.250103
v 10.812179 -29.015594 -7.424768
v 7.645366 -27.652143 -9.093447
v 3.957531 -26.064369 -10.142421
v 2.875314 -26.705683 10.142421
v 5.554684 -28.891068 9.093447
v 7.855508 -30.767696 7.424768
v 9.620993 -32.207687 5.250103
v 10.730825 -33.112904 2.717654
v 11.109367 -33.421654 0.000000
v 10.730825 -33.112904 -2.717654
v 9.620993 -32.207687 -5.250103
v 7.855508 -30.767696 -7.424768
v 5.554684 -28.891068 -9.093447
v 2.875314 -26.705683 -10.142421
v 1.511641 -27.117432 10.142421
v 2.920270 -29.686504 9.093447
v 4.129885 -31.892614 7.424768
v 5.058054 -33.585426 5.250103
v 5.641528 -34.649570 2.717654
v 5.840540 -35.012527 0.000000
v 5.641528 -34.649570 -2.717654
v 5.058054 -33.585426 -5.250103
v 4.129885 -31.892614 -7.424768
v 2.920270 -29.686504 -9.093447
v 1.511641 -27.117432 -10.142421
v 0.000001 -32.280235 7.424768
v -0.000002 -34.060162 5.250103
v -0.000002 -34.060162 -5.250103
v 0.000001 -32.280235 -7.424768
vn -0.0925 -0.9860 -0.1385
vn -0.0724 -0.7718 0.6317
vn -0.0340 -0.3618 -0.9316
vn -0.0115 -0.1225 0.9924
vn -0.0855 -0.9113 -0.4027
vn -0.0855 -0.9113 0.4027
vn -0.0115 -0.1225 -0.9924
vn -0.0340 -0.3618 0.9316
vn -0.0724 -0.7718 -0.6317
vn -0.0925 -0.9860 0.1385
vn -0.0547 -0.5831 0.8106
vn -0.0547 -0.5831 -0.8106
vn -0.2617 -0.8668 0.4245
vn -0.0334 -0.1106 -0.9933
vn -0.0993 -0.3290 0.9391
vn -0.2182 -0.7228 -0.6557
vn -0.2859 -0.9469 0.1474
vn -0.1622 -0.5372 0.8277
vn -0.1622 -0.5372 -0.8277
vn -0.2859 -0.9469 -0.1474
vn -0.2182 -0.7228 0.6557
vn -0.0993 -0.3290 -0.9391
vn -0.0334 -0.1106 0.9933
vn -0.2617 -0.8668 -0.4245
vn -0.3635 -0.6133 0.7012
vn -0.1568 -0.2645 -0.9515
vn -0.0521 -0.0879 0.9948
vn -0.4503 -0.7598 -0.4689
vn -0.4503 -0.7598 0.4689
vn -0.0521 -0.0879 -0.9948
vn -0.1568 -0.2645 0.9515
vn -0.3635 -0.6133 -0.7012
vn -0.5027 -0.8483 0.1664
vn -0.2619 -0.4419 0.8580
vn -0.2619 -0.4419 -0.8580
vn -0.5027 -0.8483 -0.1664
vn -0.7436 -0.6394 0.1953
vn -0.3430 -0.2949 0.8919
vn -0.3430 -0.2949 -0.8919
vn -0.7436 -0.6394 -0.1953
vn -0.4949 -0.4255 0.7577
vn -0.2002 -0.1722 -0.9645
vn -0.0657 -0.0565 0.9962
vn -0.6425 -0.5524 -0.5310
vn -0.6425 -0.5524 0.5310
vn -0.0657 -0.0565 -0.9962
vn -0.2002 -0.1722 0.9645
vn -0.4949 -0.4255 -0.7577
vn -0.7839 -0.2095 0.5845
vn -0.0729 -0.0195 -0.9971
vn -0.2239 -0.0598 0.9728
vn -0.5794 -0.1549 -0.8002
vn -0.9417 -0.2517 0.2232
vn -0.3900 -0.1042 0.9149
vn -0.3900 -0.1042 -0.9149
vn -0.9417 -0.2517 -0.2232
vn -0.5794 -0.1549 0.8002
vn -0.2239 -0.0598 -0.9728
vn -0.0729 -0.0195 0.9971
vn -0.7839 -0.2095 -0.5845
vn -0.9417 0.2517 -0.2232
vn -0.5794 0.1549 0.8002
vn -0.2239 0.0598 -0.9728
vn -0.0729 0.0195 0.9971
vn -0.7839 0.2095 -0.5845
vn -0.7839 0.2095 0.5845
vn -0.0729 0.0195 -0.9971
vn -0.2239 0.0598 0.9728
vn -0.5794 0.1549 -0.8002
vn -0.9417 0.2517 0.2232
vn -0.3900 0.1042 0.9149
vn -0.3900 0.1042 -0.9149
vn -0.7436 0.6394 0.1953
vn -0.3430 0.2949 0.8919
vn -0.3430 0.2949 -0.8919
vn -0.7436 0.6394 -0.1953
vn -0.4949 0.4255 0.7577
vn -0.2002 0.1722 -0.9645
vn -0.0657 0.0565 0.9962
vn -0.6425 0.5524 -0.5310
vn -0.6425 0.5524 0.5310
vn -0.0657 0.0565 -0.9962
vn -0.2002 0.1722 0.9645
vn -0.4949 0.4255 -0.7577
vn -0.4503 0.7598 -0.4689
vn -0.4503 0.7598 0.4689
vn -0.0521 0.0879 -0.9948
vn -0.1568 0.2645 0.9515
vn -0.3635 0.6133 -0.7012
vn -0.5027 0.8483 0.1664
vn -0.2619 0.4419 0.8580
vn -0.2619 0.4419 -0.8580
vn -0.5027 0.8483 -0.1664
vn -0.3635 0.6133 0.7012
vn -0.1568 0.2645 -0.9515
vn -0.0521 0.0879 0.9948
vn -0.2859 0.9469 -0.1474
vn -0.2182 0.7228 0.6557
vn -0.0993 0.3290 -0.9391
vn -0.0334 0.1106 0.9933
vn -0.2617 0.8668 -0.4245
vn -0.2617 0.8668 0.4245
vn -0.0334 0.1106 -0.9933
vn -0.0993 0.3290 0.9391
vn -0.2182 0.7228 -0.6557
vn -0.2859 0.9469 0.1474
vn -0.1622 0.5372 0.8277
vn -0.1622 0.5372 -0.8277
vn -0.0724 0.7718 -0.6317
vn -0.0925 0.9860 0.1385
vn -0.0547 0.5831 0.8106
vn -0.0547 0.5831 -0.8106
vn -0.0925 0.9860 -0.1385
vn -0.0724 0.7718 0.6317
vn -0.0340 0.3618 -0.9316
vn -0.0115 0.1225 0.9924
vn -0.0855 0.9113 -0.4027
vn -0.0855 0.9113 0.4027
vn -0.0115 0.1225 -0.9924
vn -0.0340 0.3618 0.9316
vn 0.0115 0.1225 0.9924
vn 0.0855 0.9113 -0.4027
vn 0.0855 0.9113 0.4027
vn 0.0115 0.1225 -0.9924
vn 0.0340 0.3618 0.9316
vn 0.0724 0.7718 -0.6317
vn 0.0925 0.9860 0.1385
vn 0.0547 0.5831 0.8106
vn 0.0547 0.5831 -0.8106
vn 0.0925 0.9860 -0.1385
vn 0.0724 0.7718 0.6317
vn 0.0340 0.3618 -0.9316
vn 0.1622 0.5372 -0.8277
vn 0.2859 0.9469 -0.1474
vn 0.2182 0.7228 0.6557
vn 0.0993 0.3290 -0.9391
vn 0.0334 0.1106 0.9933
vn 0.2617 0.8668 -0.4245
vn 0.2617 0.8668 0.4245
vn 0.0334 0.1106 -0.9933
vn 0.0993 0.3290 0.9391
vn 0.2182 0.7228 -0.6557
vn 0.2859 0.9469 0.1474
vn 0.1622 0.5372 0.8277
vn 0.1568 0.2645 0.9515
vn 0.3635 0.6133 -0.7012
vn 0.5027 0.8483 0.1664
vn 0.2619 0.4419 0.8580
vn 0.2619 0.4419 -0.8580
vn 0.5027 0.8483 -0.1664
vn 0.3635 0.6133 0.7012
vn 0.1568 0.2645 -0.9515
vn 0.0521 0.0879 0.9948
vn 0.4503 0.7598 -0.4689
vn 0.4503 0.7598 0.4689
vn 0.0521 0.0879 -0.9948
vn 0.2002 0.1722 -0.9645
vn 0.0657 0.0565 0.9962
vn 0.6425 0.5524 -0.5310
vn 0.6425 0.5524 0.5310
vn 0.0657 0.0565 -0.9962
vn 0.2002 0.1722 0.9645
vn 0.4949 0.4255 -0.7577
vn 0.7436 0.6394 0.1953
vn 0.3430 0.2949 0.8919
vn 0.3430 0.2949 -0.8919
vn 0.7436 0.6394 -0.1953
vn 0.4949 0.4255 0.7577
vn 0.3900 0.1042 0.9149
vn 0.3900 0.1042 -0.9149
vn 0.9417 0.2517 -0.2232
vn 0.5794 0.1549 0.8002
vn 0.2239 0.0598 -0.9728
vn 0.0729 0.0195 0.9971
vn 0.7839 0.2095 -0.5845
vn 0.7839 0.2095 0.5845
vn 0.0729 0.0195 -0.9971
vn 0.2239 0.0598 0.9728
vn 0.5794 0.1549 -0.8002
vn 0.9417 0.2517 0.2232
vn 0.0729 -0.0195 -0.9971
vn 0.2239 -0.0598 0.9728
vn 0.5794 -0.1549 -0.8002
vn 0.9417 -0.2517 0.2232
vn 0.3900 -0.1042 0.9149
vn 0.3900 -0.1042 -0.9149
vn 0.9417 -0.2517 -0.2232
vn 0.5794 -0.1549 0.8002
vn 0.2239 -0.0598 -0.9728
vn 0.0729 -0.0195 0.9971
vn 0.7839 -0.2095 -0.5845
vn 0.7839 -0.2095 0.5845
vn 0.4949 -0.4255 0.7577
vn 0.2002 -0.1722 -0.9645
vn 0.0657 -0.0565 0.9962
vn 0.6425 -0.5524 -0.5310
vn 0.6425 -0.5524 0.5310
vn 0.0657 -0.0565 -0.9962
vn 0.2002 -0.1722 0.9645
vn 0.4949 -0.4255 -0.7577
vn 0.7436 -0.6394 0.1953
vn 0.3430 -0.2949 0.8919
vn 0.3430 -0.2949 -0.8919
vn 0.7436 -0.6394 -0.1953
vn 0.2619 -0.4419 0.8580
vn 0.2619 -0.4419 -0.8580
vn 0.5027 -0.8483 -0.1664
vn 0.3635 -0.6133 0.7012
vn 0.1568 -0.2645 -0.9515
vn 0.0521 -0.0879 0.9948
vn 0.4503 -0.7598 -0.4689
vn 0.4503 -0.7598 0.4689
vn 0.0521 -0.0879 -0.9948
vn 0.1568 -0.2645 0.9515
vn 0.3635 -0.6133 -0.7012
vn 0.5027 -0.8483 0.1664
vn 0.2617 -0.8668 0.4245
vn 0.0334 -0.1106 -0.9933
vn 0.0993 -0.3290 0.9391
vn 0.2182 -0.7228 -0.6557
vn 0.2859 -0.9469 0.1474
vn 0.1622 -0.5372 0.8277
vn 0.1622 -0.5372 -0.8277
vn 0.2859 -0.9469 -0.1474
vn 0.2182 -0.7228 0.6557
vn 0.0993 -0.3290 -0.9391
vn 0.0334 -0.1106 0.9933
vn 0.2617 -0.8668 -0.4245
vn 0.0724 -0.7718 0.6317
vn 0.0340 -0.3618 -0.9316
vn 0.0115 -0.1225 0.9924
vn 0.0855 -0.9113 -0.4027
vn 0.0855 -0.9113 0.4027
vn 0.0115 -0.1225 -0.9924
vn 0.0340 -0.3618 0.9316
vn 0.0724 -0.7718 -0.6317
vn 0.0925 -0.9860 0.1385
vn 0.0547 -0.5831 0.8106
vn 0.0547 -0.5831 -0.8106
vn 0.0925 -0.9860 -0.1385
vt 0.750000 0.416667
vt 0.750000 0.500000
vt 0.700000 0.500000
vt 0.700000 0.416667
vt 0.750000 0.666667
vt 0.750000 0.750000
vt 0.700000 0.750000
vt 0.700000 0.666667
vt 0.750000 0.083333
vt 0.750000 0.166667
vt 0.700000 0.166667
vt 0.700000 0.083333
vt 0.750000 0.916667
vt 0.725000 1.000000
vt 0.700000 0.916667
vt 0.750000 0.333333
vt 0.700000 0.333333
vt 0.750000 0.583333
vt 0.700000 0.583333
vt 0.725000 0.000000
vt 0.750000 0.833333
vt 0.700000 0.833333
vt 0.750000 0.250000
vt 0.700000 0.250000
vt 0.650000 0.666667
vt 0.650000 0.583333
vt 0.675000 0.000000
vt 0.650000 0.083333
vt 0.650000 0.916667
vt 0.650000 0.833333
vt 0.650000 0.333333
vt 0.650000 0.250000
vt 0.650000 0.500000
vt 0.650000 0.750000
vt 0.650000 0.166667
vt 0.650000 0.416667
vt 0.675000 1.000000
vt 0.600000 0.750000
vt 0.600000 0.666667
vt 0.600000 0.166667
vt 0.600000 0.083333
vt 0.625000 1.000000
vt 0.600000 0.916667
vt 0.600000 0.416667
vt 0.600000 0.333333
vt 0.600000 0.583333
vt 0.625000 0.000000
vt 0.600000 0.833333
vt 0.600000 0.250000
vt 0.600000 0.500000
vt 0.550000 0.583333
vt 0.550000 0.500000
vt 0.550000 0.833333
vt 0.550000 0.750000
vt 0.550000 0.250000
vt 0.550000 0.166667
vt 0.550000 0.416667
vt 0.550000 0.666667
vt 0.550000 0.083333
vt 0.575000 1.000000
vt 0.550000 0.916667
vt 0.550000 0.333333
vt 0.575000 0.000000
vt 0.500000 0.666667
vt 0.500000 0.583333
vt 0.525000 0.000000
vt 0.500000 0.083333
vt 0.500000 0.916667
vt 0.500000 0.833333
vt 0.500000 0.333333
vt 0.500000 0.250000
vt 0.500000 0.500000
vt 0.500000 0.750000
vt 0.500000 0.166667
vt 0.500000 0.416667
vt 0.525000 1.000000
vt 0.450000 0.500000
vt 0.450000 0.416667
vt 0.450000 0.750000
vt 0.450000 0.666667
vt 0.450000 0.166667
vt 0.450000 0.083333
vt 0.475000 1.000000
vt 0.450000 0.916667
vt 0.450000 0.333333
vt 0.450000 0.583333
vt 0.475000 0.000000
vt 0.450000 0.833333
vt 0.450000 0.250000
vt 0.400000 0.583333
vt 0.400000 0.500000
vt 0.400000 0.833333
vt 0.400000 0.750000
vt 0.400000 0.250000
vt 0.400000 0.166667
vt 0.400000 0.416667
vt 0.400000 0.666667
vt 0.400000 0.083333
vt 0.425000 1.000000
vt 0.400000 0.916667
vt 0.400000 0.333333
vt 0.425000 0.000000
vt 0.350000 0.416667
vt 0.350000 0.333333
vt 0.350000 0.666667
vt 0.350000 0.583333
vt 0.375000 0.000000
vt 0.350000 0.083333
vt 0.350000 0.916667
vt 0.350000 0.833333
vt 0.350000 0.250000
vt 0.350000 0.500000
vt 0.350000 0.750000
vt 0.350000 0.166667
vt 0.375000 1.000000
vt 0.300000 0.500000
vt 0.300000 0.416667
vt 0.300000 0.750000
vt 0.300000 0.666667
vt 0.300000 0.166667
vt 0.300000 0.083333
vt 0.325000 1.000000
vt 0.300000 0.916667
vt 0.300000 0.333333
vt 0.300000 0.583333
vt 0.325000 0.000000
vt 0.300000 0.833333
vt 0.300000 0.250000
vt 0.250000 0.333333
vt 0.250000 0.250000
vt 0.250000 0.583333
vt 0.250000 0.500000
vt 0.250000 0.833333
vt 0.250000 0.750000
vt 0.250000 0.166667
vt 0.250000 0.416667
vt 0.250000 0.666667
vt 0.250000 0.083333
vt 0.275000 1.000000
vt 0.250000 0.916667
vt 0.275000 0.000000
vt 0.225000 1.000000
vt 0.200000 0.916667
vt 0.200000 0.416667
vt 0.200000 0.333333
vt 0.200000 0.666667
vt 0.200000 0.583333
vt 0.225000 0.000000
vt 0.200000 0.083333
vt 0.200000 0.833333
vt 0.200000 0.250000
vt 0.200000 0.500000
vt 0.200000 0.750000
vt 0.200000 0.166667
vt 0.150000 0.250000
vt 0.150000 0.166667
vt 0.150000 0.500000
vt 0.150000 0.416667
vt 0.150000 0.750000
vt 0.150000 0.666667
vt 0.150000 0.083333
vt 0.175000 1.000000
vt 0.150000 0.916667
vt 0.150000 0.333333
vt 0.150000 0.583333
vt 0.175000 0.000000
vt 0.150000 0.833333
vt 0.100000 0.916667
vt 0.100000 0.833333
vt 0.100000 0.333333
vt 0.100000 0.250000
vt 0.100000 0.583333
vt 0.100000 0.500000
vt 0.100000 0.750000
vt 0.100000 0.166667
vt 0.100000 0.416667
vt 0.100000 0.666667
vt 0.100000 0.083333
vt 0.125000 1.000000
vt 0.125000 0.000000
vt 0.050000 0.166667
vt 0.050000 0.083333
vt 0.075000 1.000000
vt 0.050000 0.916667
vt 0.050000 0.416667
vt 0.050000 0.333333
vt 0.050000 0.666667
vt 0.050000 0.583333
vt 0.075000 0.000000
vt 0.050000 0.833333
vt 0.050000 0.250000
vt 0.050000 0.500000
vt 0.050000 0.750000
vt 0.000000 0.833333
vt 0.000000 0.750000
vt 0.000000 0.250000
vt 0.000000 0.166667
vt 0.000000 0.500000
vt 0.000000 0.416667
vt 0.000000 0.666667
vt 0.000000 0.083333
vt 0.025000 1.000000
vt 0.000000 0.916667
vt 0.000000 0.333333
vt 0.000000 0.583333
vt 0.025000 0.000000
vt 0.975000 0.000000
vt 1.000000 0.083333
vt 0.950000 0.083333
vt 1.000000 0.833333
vt 1.000000 0.916667
vt 0.950000 0.916667
vt 0.950000 0.833333
vt 1.000000 0.250000
vt 1.000000 0.333333
vt 0.950000 0.333333
vt 0.950000 0.250000
vt 1.000000 0.500000
vt 1.000000 0.583333
vt 0.950000 0.583333
vt 0.950000 0.500000
vt 1.000000 0.750000
vt 0.950000 0.750000
vt 1.000000 0.166667
vt 0.950000 0.166667
vt 1.000000 0.416667
vt 0.950000 0.416667
vt 1.000000 0.666667
vt 0.950000 0.666667
vt 0.975000 1.000000
vt 0.900000 0.750000
vt 0.900000 0.666667
vt 0.900000 0.166667
vt 0.900000 0.083333
vt 0.925000 1.000000
vt 0.900000 0.916667
vt 0.900000 0.416667
vt 0.900000 0.333333
vt 0.900000 0.583333
vt 0.925000 0.000000
vt 0.900000 0.833333
vt 0.900000 0.250000
vt 0.900000 0.500000
vt 0.850000 0.833333
vt 0.850000 0.750000
vt 0.850000 0.250000
vt 0.850000 0.166667
vt 0.850000 0.500000
vt 0.850000 0.416667
vt 0.850000 0.666667
vt 0.850000 0.083333
vt 0.875000 1.000000
vt 0.850000 0.916667
vt 0.850000 0.333333
vt 0.850000 0.583333
vt 0.875000 0.000000
vt 0.800000 0.666667
vt 0.800000 0.583333
vt 0.825000 0.000000
vt 0.800000 0.083333
vt 0.800000 0.916667
vt 0.800000 0.833333
vt 0.800000 0.333333
vt 0.800000 0.250000
vt 0.800000 0.500000
vt 0.800000 0.750000
vt 0.800000 0.166667
vt 0.800000 0.416667
vt 0.825000 1.000000
vt 0.775000 1.000000
vt 0.775000 0.000000
s 0
f 6/1/1 5/2/1 15/3/1 16/4/1
f 220/5/2 219/6/2 12/7/2 13/8/2
f 8/9/3 7/10/3 19/11/3 20/12/3
f 2/13/4 1/14/4 10/15/4
f 221/16/5 6/1/5 16/4/5 17/17/5
f 4/18/6 220/5/6 13/8/6 14/19/6
f 9/20/7 8/9/7 20/12/7
f 3/21/8 2/13/8 10/15/8 11/22/8
f 222/23/9 221/16/9 17/17/9 18/24/9
f 5/2/10 4/18/10 14/19/10 15/3/10
f 219/6/11 3/21/11 11/22/11 12/7/11
f 7/10/12 222/23/12 18/24/12 19/11/12
f 14/19/13 13/8/13 24/25/13 25/26/13
f 9/27/14 20/12/14 31/28/14
f 11/22/15 10/15/15 21/29/15 22/30/15
f 18/24/16 17/17/16 28/31/16 29/32/16
f 15/3/17 14/19/17 25/26/17 26/33/17
f 12/7/18 11/22/18 22/30/18 23/34/18
f 19/11/19 18/24/19 29/32/19 30/35/19
f 16/4/20 15/3/20 26/33/20 27/36/20
f 13/8/21 12/7/21 23/34/21 24/25/21
f 20/12/22 19/11/22 30/35/22 31/28/22
f 10/15/23 1/37/23 21/29/23
f 17/17/24 16/4/24 27/36/24 28/31/24
f 24/25/25 23/34/25 34/38/25 35/39/25
f 31/28/26 30/35/26 41/40/26 42/41/26
f 21/29/27 1/42/27 32/43/27
f 28/31/28 27/36/28 38/44/28 39/45/28
f 25/26/29 24/25/29 35/39/29 36/46/29
f 9/47/30 31/28/30 42/41/30
f 22/30/31 21/29/31 32/43/31 33/48/31
f 29/32/32 28/31/32 39/45/32 40/49/32
f 26/33/33 25/26/33 36/46/33 37/50/33
f 23/34/34 22/30/34 33/48/34 34/38/34
f 30/35/35 29/32/35 40/49/35 41/40/35
f 27/36/36 26/33/36 37/50/36 38/44/36
f 37/50/37 36/46/37 47/51/37 48/52/37
f 34/38/38 33/48/38 44/53/38 45/54/38
f 41/40/39 40/49/39 51/55/39 52/56/39
f 38/44/40 37/50/40 48/52/40 49/57/40
f 35/39/41 34/38/41 45/54/41 46/58/41
f 42/41/42 41/40/42 52/56/42 53/59/42
f 32/43/43 1/60/43 43/61/43
f 39/45/44 38/44/44 49/57/44 50/62/44
f 36/46/45 35/39/45 46/58/45 47/51/45
f 9/63/46 42/41/46 53/59/46
f 33/48/47 32/43/47 43/61/47 44/53/47
f 40/49/48 39/45/48 50/62/48 51/55/48
f 47/51/49 46/58/49 57/64/49 58/65/49
f 9/66/50 53/59/50 64/67/50
f 44/53/51 43/61/51 54/68/51 55/69/51
f 51/55/52 50/62/52 61/70/52 62/71/52
f 48/52/53 47/51/53 58/65/53 59/72/53
f 45/54/54 44/53/54 55/69/54 56/73/54
f 52/56/55 51/55/55 62/71/55 63/74/55
f 49/57/56 48/52/56 59/72/56 60/75/56
f 46/58/57 45/54/57 56/73/57 57/64/57
f 53/59/58 52/56/58 63/74/58 64/67/58
f 43/61/59 1/76/59 54/68/59
f 50/62/60 49/57/60 60/75/60 61/70/60
f 60/75/61 59/72/61 70/77/61 71/78/61
f 57/64/62 56/73/62 67/79/62 68/80/62
f 64/67/63 63/74/63 74/81/63 75/82/63
f 54/68/64 1/83/64 65/84/64
f 61/70/65 60/75/65 71/78/65 72/85/65
f 58/65/66 57/64/66 68/80/66 69/86/66
f 9/87/67 64/67/67 75/82/67
f 55/69/68 54/68/68 65/84/68 66/88/68
f 62/71/69 61/70/69 72/85/69 73/89/69
f 59/72/70 58/65/70 69/86/70 70/77/70
f 56/73/71 55/69/71 66/88/71 67/79/71
f 63/74/72 62/71/72 73/89/72 74/81/72
f 70/77/73 69/86/73 80/90/73 81/91/73
f 67/79/74 66/88/74 77/92/74 78/93/74
f 74/81/75 73/89/75 84/94/75 85/95/75
f 71/78/76 70/77/76 81/91/76 82/96/76
f 68/80/77 67/79/77 78/93/77 79/97/77
f 75/82/78 74/81/78 85/95/78 86/98/78
f 65/84/79 1/99/79 76/100/79
f 72/85/80 71/78/80 82/96/80 83/101/80
f 69/86/81 68/80/81 79/97/81 80/90/81
f 9/102/82 75/82/82 86/98/82
f 66/88/83 65/84/83 76/100/83 77/92/83
f 73/89/84 72/85/84 83/101/84 84/94/84
f 83/101/85 82/96/85 93/103/85 94/104/85
f 80/90/86 79/97/86 90/105/86 91/106/86
f 9/107/87 86/98/87 97/108/87
f 77/92/88 76/100/88 87/109/88 88/110/88
f 84/94/89 83/101/89 94/104/89 95/111/89
f 81/91/90 80/90/90 91/106/90 92/112/90
f 78/93/91 77/92/91 88/110/91 89/113/91
f 85/95/92 84/94/92 95/111/92 96/114/92
f 82/96/93 81/91/93 92/112/93 93/103/93
f 79/97/94 78/93/94 89/113/94 90/105/94
f 86/98/95 85/95/95 96/114/95 97/108/95
f 76/100/96 1/115/96 87/109/96
f 93/103/97 92/112/97 103/116/97 104/117/97
f 90/105/98 89/113/98 100/118/98 101/119/98
f 97/108/99 96/114/99 107/120/99 108/121/99
f 87/109/100 1/122/100 98/123/100
f 94/104/101 93/103/101 104/117/101 105/124/101
f 91/106/102 90/105/102 101/119/102 102/125/102
f 9/126/103 97/108/103 108/121/103
f 88/110/104 87/109/104 98/123/104 99/127/104
f 95/111/105 94/104/105 105/124/105 106/128/105
f 92/112/106 91/106/106 102/125/106 103/116/106
f 89/113/107 88/110/107 99/127/107 100/118/107
f 96/114/108 95/111/108 106/128/108 107/120/108
f 106/128/109 105/124/109 116/129/109 117/130/109
f 103/116/110 102/125/110 113/131/110 114/132/110
f 100/118/111 99/127/111 110/133/111 111/134/111
f 107/120/112 106/128/112 117/130/112 118/135/112
f 104/117/113 103/116/113 114/132/113 115/136/113
f 101/119/114 100/118/114 111/134/114 112/137/114
f 108/121/115 107/120/115 118/135/115 119/138/115
f 98/123/116 1/139/116 109/140/116
f 105/124/117 104/117/117 115/136/117 116/129/117
f 102/125/118 101/119/118 112/137/118 113/131/118
f 9/141/119 108/121/119 119/138/119
f 99/127/120 98/123/120 109/140/120 110/133/120
f 109/140/121 1/142/121 120/143/121
f 116/129/122 115/136/122 126/144/122 127/145/122
f 113/131/123 112/137/123 123/146/123 124/147/123
f 9/148/124 119/138/124 130/149/124
f 110/133/125 109/140/125 120/143/125 121/150/125
f 117/130/126 116/129/126 127/145/126 128/151/126
f 114/132/127 113/131/127 124/147/127 125/152/127
f 111/134/128 110/133/128 121/150/128 122/153/128
f 118/135/129 117/130/129 128/151/129 129/154/129
f 115/136/130 114/132/130 125/152/130 126/144/130
f 112/137/131 111/134/131 122/153/131 123/146/131
f 119/138/132 118/135/132 129/154/132 130/149/132
f 129/154/133 128/151/133 139/155/133 140/156/133
f 126/144/134 125/152/134 136/157/134 137/158/134
f 123/146/135 122/153/135 133/159/135 134/160/135
f 130/149/136 129/154/136 140/156/136 141/161/136
f 120/143/137 1/162/137 131/163/137
f 127/145/138 126/144/138 137/158/138 138/164/138
f 124/147/139 123/146/139 134/160/139 135/165/139
f 9/166/140 130/149/140 141/161/140
f 121/150/141 120/143/141 131/163/141 132/167/141
f 128/151/142 127/145/142 138/164/142 139/155/142
f 125/152/143 124/147/143 135/165/143 136/157/143
f 122/153/144 121/150/144 132/167/144 133/159/144
f 132/167/145 131/163/145 142/168/145 143/169/145
f 139/155/146 138/164/146 149/170/146 150/171/146
f 136/157/147 135/165/147 146/172/147 147/173/147
f 133/159/148 132/167/148 143/169/148 144/174/148
f 140/156/149 139/155/149 150/171/149 151/175/149
f 137/158/150 136/157/150 147/173/150 148/176/150
f 134/160/151 133/159/151 144/174/151 145/177/151
f 141/161/152 140/156/152 151/175/152 152/178/152
f 131/163/153 1/179/153 142/168/153
f 138/164/154 137/158/154 148/176/154 149/170/154
f 135/165/155 134/160/155 145/177/155 146/172/155
f 9/180/156 141/161/156 152/178/156
f 152/178/157 151/175/157 162/181/157 163/182/157
f 142/168/158 1/183/158 153/184/158
f 149/170/159 148/176/159 159/185/159 160/186/159
f 146/172/160 145/177/160 156/187/160 157/188/160
f 9/189/161 152/178/161 163/182/161
f 143/169/162 142/168/162 153/184/162 154/190/162
f 150/171/163 149/170/163 160/186/163 161/191/163
f 147/173/164 146/172/164 157/188/164 158/192/164
f 144/174/165 143/169/165 154/190/165 155/193/165
f 151/175/166 150/171/166 161/191/166 162/181/166
f 148/176/167 147/173/167 158/192/167 159/185/167
f 145/177/168 144/174/168 155/193/168 156/187/168
f 155/193/169 154/190/169 165/194/169 166/195/169
f 162/181/170 161/191/170 172/196/170 173/197/170
f 159/185/171 158/192/171 169/198/171 170/199/171
f 156/187/172 155/193/172 166/195/172 167/200/172
f 163/182/173 162/181/173 173/197/173 174/201/173
f 153/184/174 1/202/174 164/203/174
f 160/186/175 159/185/175 170/199/175 171/204/175
f 157/188/176 156/187/176 167/200/176 168/205/176
f 9/206/177 163/182/177 174/201/177
f 154/190/178 153/184/178 164/203/178 165/194/178
f 161/191/179 160/186/179 171/204/179 172/196/179
f 158/192/180 157/188/180 168/205/180 169/198/180
f 9/207/181 174/208/181 185/209/181
f 165/210/182 164/211/182 175/212/182 176/213/182
f 172/214/183 171/215/183 182/216/183 183/217/183
f 169/218/184 168/219/184 179/220/184 180/221/184
f 166/222/185 165/210/185 176/213/185 177/223/185
f 173/224/186 172/214/186 183/217/186 184/225/186
f 170/226/187 169/218/187 180/221/187 181/227/187
f 167/228/188 166/222/188 177/223/188 178/229/188
f 174/208/189 173/224/189 184/225/189 185/209/189
f 164/211/190 1/230/190 175/212/190
f 171/215/191 170/226/191 181/227/191 182/216/191
f 168/219/192 167/228/192 178/229/192 179/220/192
f 178/229/193 177/223/193 188/231/193 189/232/193
f 185/209/194 184/225/194 195/233/194 196/234/194
f 175/212/195 1/235/195 186/236/195
f 182/216/196 181/227/196 192/237/196 193/238/196
f 179/220/197 178/229/197 189/232/197 190/239/197
f 9/240/198 185/209/198 196/234/198
f 176/213/199 175/212/199 186/236/199 187/241/199
f 183/217/200 182/216/200 193/238/200 194/242/200
f 180/221/201 179/220/201 190/239/201 191/243/201
f 177/223/202 176/213/202 187/241/202 188/231/202
f 184/225/203 183/217/203 194/242/203 195/233/203
f 181/227/204 180/221/204 191/243/204 192/237/204
f 188/231/205 187/241/205 198/244/205 199/245/205
f 195/233/206 194/242/206 205/246/206 206/247/206
f 192/237/207 191/243/207 202/248/207 203/249/207
f 189/232/208 188/231/208 199/245/208 200/250/208
f 196/234/209 195/233/209 206/247/209 207/251/209
f 186/236/210 1/252/210 197/253/210
f 193/238/211 192/237/211 203/249/211 204/254/211
f 190/239/212 189/232/212 200/250/212 201/255/212
f 9/256/213 196/234/213 207/251/213
f 187/241/214 186/236/214 197/253/214 198/244/214
f 194/242/215 193/238/215 204/254/215 205/246/215
f 191/243/216 190/239/216 201/255/216 202/248/216
f 201/255/217 200/250/217 211/257/217 212/258/217
f 9/259/218 207/251/218 218/260/218
f 198/244/219 197/253/219 208/261/219 209/262/219
f 205/246/220 204/254/220 215/263/220 216/264/220
f 202/248/221 201/255/221 212/258/221 213/265/221
f 199/245/222 198/244/222 209/262/222 210/266/222
f 206/247/223 205/246/223 216/264/223 217/267/223
f 203/249/224 202/248/224 213/265/224 214/268/224
f 200/250/225 199/245/225 210/266/225 211/257/225
f 207/251/226 206/247/226 217/267/226 218/260/226
f 197/253/227 1/269/227 208/261/227
f 204/254/228 203/249/228 214/268/228 215/263/228
f 211/257/229 210/266/229 219/6/229 220/5/229
f 218/260/230 217/267/230 7/10/230 8/9/230
f 208/261/231 1/270/231 2/13/231
f 215/263/232 214/268/232 6/1/232 221/16/232
f 212/258/233 211/257/233 220/5/233 4/18/233
f 9/271/234 218/260/234 8/9/234
f 209/262/235 208/261/235 2/13/235 3/21/235
f 216/264/236 215/263/236 221/16/236 222/23/236
f 213/265/237 212/258/237 4/18/237 5/2/237
f 210/266/238 209/262/238 3/21/238 219/6/238
f 217/267/239 216/264/239 222/23/239 7/10/239
f 214/268/240 213/265/240 5/2/240 6/1/240
o chest
v -8.000000 -27.160534 9.800194
v -8.000000 -37.354347 5.760409
v -8.000000 -39.760780 0.000000
v -8.000000 -39.144081 -3.028426
v -8.000000 -37.354347 -5.760409
v -8.000000 -31.054226 -9.320539
v -8.000000 -27.160534 -9.800194
v -9.324490 -30.757835 9.320539
v -10.519329 -34.003006 7.928523
v -11.467560 -36.578392 5.760409
v -12.076361 -38.231888 3.028426
v -12.286139 -38.801643 0.000000
v -12.076361 -38.231888 -3.028426
v -11.467560 -36.578392 -5.760409
v -10.519329 -34.003006 -7.928523
v -9.324490 -30.757835 -9.320539
v -10.447338 -29.913790 9.320539
v -12.655113 -32.397537 7.928523
v -14.407214 -34.368649 5.760409
v -15.532132 -35.634182 3.028426
v -15.919752 -36.070255 0.000000
v -15.532132 -35.634182 -3.028426
v -14.407214 -34.368649 -5.760409
v -12.655113 -32.397537 -7.928523
v -10.447338 -29.913790 -9.320539
v -11.197601 -28.650585 9.320539
v -14.082199 -29.994778 7.928523
v -16.371429 -31.061537 5.760409
v -17.841206 -31.746439 3.028426
v -18.347656 -31.982439 0.000000
v -17.841206 -31.746439 -3.028426
v -16.371429 -31.061537 -5.760409
v -14.082199 -29.994778 -7.928523
v -11.197601 -28.650585 -9.320539
v -11.461059 -27.160534 9.320539
v -14.583324 -27.160532 7.928523
v -17.061169 -27.160532 5.760409
v -18.652042 -27.160532 3.028426
v -19.200222 -27.160532 0.000000
v -18.652042 -27.160532 -3.028426
v -17.061169 -27.160532 -5.760409
v -14.583324 -27.160532 -7.928523
v -11.461059 -27.160534 -9.320539
v -11.197601 -25.670483 9.320539
v -14.082197 -24.326288 7.928523
v -16.371426 -23.259529 5.760409
v -17.841202 -22.574627 3.028426
v -18.347654 -22.338625 0.000000
v -17.841202 -22.574627 -3.028426
v -16.371426 -23.259529 -5.760409
v -14.082197 -24.326288 -7.928523
v -11.197601 -25.670483 -9.320539
v -10.447337 -24.407278 9.320539
v -12.655111 -21.923531 7.928523
v -14.407211 -19.952417 5.760409
v -15.532129 -18.686884 3.028426
v -15.919750 -18.250811 0.000000
v -15.532129 -18.686884 -3.028426
v -14.407211 -19.952417 -5.760409
v -12.655111 -21.923531 -7.928523
v -10.447337 -24.407278 -9.320539
v -9.324489 -23.563232 9.320539
v -10.519327 -20.318062 7.928523
v -11.467556 -17.742678 5.760409
v -12.076357 -16.089180 3.028426
v -12.286136 -15.519421 0.000000
v -12.076357 -16.089180 -3.028426
v -11.467556 -17.742678 -5.760409
v -10.519327 -20.318062 -7.928523
v -9.324489 -23.563232 -9.320539
v -7.999999 -23.266842 9.320539
v -7.999998 -19.754295 7.928523
v -7.999997 -16.966721 5.760409
v -7.999997 -15.176987 3.028426
v -7.999996 -14.560286 0.000000
v -7.999997 -15.176987 -3.028426
v -7.999997 -16.966721 -5.760409
v -7.999998 -19.754295 -7.928523
v -7.999999 -23.266842 -9.320539
v -6.675509 -23.563232 9.320539
v -5.480669 -20.318062 7.928523
v -4.532439 -17.742682 5.760409
v -3.923637 -16.089184 3.028426
v -3.713857 -15.519423 0.000000
v -3.923637 -16.089184 -3.028426
v -4.532439 -17.742682 -5.760409
v -5.480669 -20.318062 -7.928523
v -6.675509 -23.563232 -9.320539
v -5.552661 -24.407280 9.320539
v -3.344886 -21.923534 7.928523
v -1.592786 -19.952423 5.760409
v -0.467867 -18.686890 3.028426
v -0.080245 -18.250816 0.000000
v -0.467867 -18.686890 -3.028426
v -1.592786 -19.952423 -5.760409
v -3.344886 -21.923534 -7.928523
v -5.552661 -24.407280 -9.320539
v -4.802398 -25.670485 9.320539
v -1.917801 -24.326292 7.928523
v 0.371427 -23.259535 5.760409
v 1.841204 -22.574635 3.028426
v 2.347656 -22.338633 0.000000
v 1.841204 -22.574635 -3.028426
v 0.371427 -23.259535 -5.760409
v -1.917801 -24.326292 -7.928523
v -4.802398 -25.670485 -9.320539
v -4.538941 -27.160536 9.320539
v -1.416677 -27.160538 7.928523
v 1.061165 -27.160538 5.760409
v 2.652040 -27.160540 3.028426
v 3.200220 -27.160540 0.000000
v 2.652040 -27.160540 -3.028426
v 1.061165 -27.160538 -5.760409
v -1.416677 -27.160538 -7.928523
v -4.538941 -27.160536 -9.320539
v -4.802399 -28.650587 9.320539
v -1.917804 -29.994781 7.928523
v 0.371424 -31.061541 5.760409
v 1.841200 -31.746445 3.028426
v 2.347652 -31.982447 0.000000
v 1.841200 -31.746445 -3.028426
v 0.371424 -31.061541 -5.760409
v -1.917804 -29.994781 -7.928523
v -4.802399 -28.650587 -9.320539
v -5.552663 -29.913792 9.320539
v -3.344891 -32.397537 7.928523
v -1.592792 -34.368652 5.760409
v -0.467874 -35.634186 3.028426
v -0.080253 -36.070259 0.000000
v -0.467874 -35.634186 -3.028426
v -1.592792 -34.368652 -5.760409
v -3.344891 -32.397537 -7.928523
v -5.552663 -29.913792 -9.320539
v -6.675511 -30.757835 9.320539
v -5.480675 -34.003006 7.928523
v -4.532446 -36.578388 5.760409
v -3.923646 -38.231888 3.028426
v -3.713867 -38.801647 0.000000
v -3.923646 -38.231888 -3.028426
v -4.532446 -36.578388 -5.760409
v -5.480675 -34.003006 -7.928523
v -6.675511 -30.757835 -9.320539
v -8.000002 -31.054226 9.320539
v -8.000004 -34.566772 7.928523
v -8.000006 -39.144081 3.028426
v -8.000004 -34.566772 -7.928523
vn -0.1840 -0.8222 -0.5386
vn -0.1840 -0.8222 0.5386
vn -0.0273 -0.1222 0.9921
vn -0.1361 -0.6082 -0.7820
vn -0.2142 -0.9571 0.1949
vn -0.0822 -0.3672 0.9265
vn -0.0822 -0.3672 -0.9265
vn -0.2142 -0.9571 -0.1949
vn -0.1361 -0.6082 0.7820
vn -0.0273 -0.1222 -0.9921
vn -0.5112 -0.6801 -0.5255
vn -0.5112 -0.6801 0.5255
vn -0.0778 -0.1036 0.9916
vn -0.3824 -0.5086 -0.7714
vn -0.5901 -0.7850 0.1886
vn -0.2328 -0.3097 0.9219
vn -0.2328 -0.3097 -0.9219
vn -0.5901 -0.7850 -0.1886
vn -0.3824 -0.5086 0.7714
vn -0.0778 -0.1036 -0.9916
vn -0.5616 -0.3336 0.7572
vn -0.1164 -0.0691 -0.9908
vn -0.7403 -0.4397 -0.5085
vn -0.7403 -0.4397 0.5085
vn -0.1164 -0.0691 0.9908
vn -0.5616 -0.3336 -0.7572
vn -0.8457 -0.5023 0.1806
vn -0.3460 -0.2055 0.9155
vn -0.3460 -0.2055 -0.9155
vn -0.8457 -0.5023 -0.1806
vn -0.9694 -0.1714 -0.1755
vn -0.6541 -0.1156 0.7475
vn -0.1372 -0.0243 -0.9902
vn -0.8542 -0.1510 -0.4974
vn -0.8542 -0.1510 0.4974
vn -0.1372 -0.0243 0.9902
vn -0.6541 -0.1156 -0.7475
vn -0.9694 -0.1714 0.1755
vn -0.4061 -0.0718 0.9110
vn -0.4061 -0.0718 -0.9110
vn -0.4061 0.0718 0.9110
vn -0.4061 0.0718 -0.9110
vn -0.9694 0.1714 -0.1755
vn -0.6541 0.1156 0.7475
vn -0.1372 0.0243 -0.9902
vn -0.8542 0.1510 -0.4974
vn -0.8542 0.1510 0.4974
vn -0.1372 0.0243 0.9902
vn -0.6541 0.1156 -0.7475
vn -0.9694 0.1714 0.1755
vn -0.5616 0.3336 -0.7572
vn -0.8457 0.5023 0.1806
vn -0.3460 0.2055 0.9155
vn -0.3460 0.2055 -0.9155
vn -0.8457 0.5023 -0.1806
vn -0.5616 0.3336 0.7572
vn -0.1164 0.0691 -0.9908
vn -0.7403 0.4397 -0.5085
vn -0.7403 0.4397 0.5085
vn -0.1164 0.0691 0.9908
vn -0.5112 0.6801 0.5255
vn -0.0778 0.1036 0.9916
vn -0.3824 0.5086 -0.7714
vn -0.5901 0.7850 0.1886
vn -0.2328 0.3097 0.9219
vn -0.2328 0.3097 -0.9219
vn -0.5901 0.7850 -0.1886
vn -0.3824 0.5086 0.7714
vn -0.0778 0.1036 -0.9916
vn -0.5112 0.6801 -0.5255
vn -0.1840 0.8222 -0.5386
vn -0.1840 0.8222 0.5386
vn -0.0273 0.1222 0.9921
vn -0.1361 0.6082 -0.7820
vn -0.2142 0.9571 0.1949
vn -0.0822 0.3672 0.9265
vn -0.0822 0.3672 -0.9265
vn -0.2142 0.9571 -0.1949
vn -0.1361 0.6082 0.7820
vn -0.0273 0.1222 -0.9921
vn 0.1361 0.6082 0.7820
vn 0.0273 0.1222 -0.9921
vn 0.1840 0.8222 -0.5386
vn 0.1840 0.8222 0.5386
vn 0.0273 0.1222 0.9921
vn 0.1361 0.6082 -0.7820
vn 0.2142 0.9571 0.1949
vn 0.0822 0.3672 0.9265
vn 0.0822 0.3672 -0.9265
vn 0.2142 0.9571 -0.1949
vn 0.2328 0.3097 -0.9219
vn 0.5901 0.7850 -0.1886
vn 0.3824 0.5086 0.7714
vn 0.0778 0.1036 -0.9916
vn 0.5112 0.6801 -0.5255
vn 0.5112 0.6801 0.5255
vn 0.0778 0.1036 0.9916
vn 0.3824 0.5086 -0.7714
vn 0.5901 0.7850 0.1886
vn 0.2328 0.3097 0.9219
vn 0.8457 0.5023 0.1806
vn 0.3460 0.2055 0.9155
vn 0.3460 0.2055 -0.9155
vn 0.8457 0.5023 -0.1806
vn 0.5616 0.3336 0.7572
vn 0.1164 0.0691 -0.9908
vn 0.7403 0.4397 -0.5085
vn 0.7403 0.4397 0.5085
vn 0.1164 0.0691 0.9908
vn 0.5616 0.3336 -0.7572
vn 0.1372 0.0243 0.9902
vn 0.6541 0.1156 -0.7475
vn 0.9694 0.1714 0.1755
vn 0.4061 0.0718 0.9110
vn 0.4061 0.0718 -0.9110
vn 0.9694 0.1714 -0.1755
vn 0.6541 0.1156 0.7475
vn 0.1372 0.0243 -0.9902
vn 0.8542 0.1510 -0.4974
vn 0.8542 0.1510 0.4974
vn 0.8542 -0.1510 0.4974
vn 0.1372 -0.0243 0.9902
vn 0.6541 -0.1156 -0.7475
vn 0.9694 -0.1714 0.1755
vn 0.4061 -0.0718 0.9110
vn 0.4061 -0.0718 -0.9110
vn 0.9694 -0.1714 -0.1755
vn 0.6541 -0.1156 0.7475
vn 0.1372 -0.0243 -0.9902
vn 0.8542 -0.1510 -0.4974
vn 0.1164 -0.0691 -0.9908
vn 0.7403 -0.4397 -0.5085
vn 0.7403 -0.4397 0.5085
vn 0.1164 -0.0691 0.9908
vn 0.5616 -0.3336 -0.7572
vn 0.8457 -0.5023 0.1806
vn 0.3460 -0.2055 0.9155
vn 0.3460 -0.2055 -0.9155
vn 0.8457 -0.5023 -0.1806
vn 0.5616 -0.3336 0.7572
vn 0.5901 -0.7850 -0.1886
vn 0.3824 -0.5086 0.7714
vn 0.0778 -0.1036 -0.9916
vn 0.5112 -0.6801 -0.5255
vn 0.5112 -0.6801 0.5255
vn 0.0778 -0.1036 0.9916
vn 0.3824 -0.5086 -0.7714
vn 0.5901 -0.7850 0.1886
vn 0.2328 -0.3097 0.9219
vn 0.2328 -0.3097 -0.9219
vn 0.0822 -0.3672 0.9265
vn 0.0822 -0.3672 -0.9265
vn 0.2142 -0.9571 -0.1949
vn 0.1361 -0.6082 0.7820
vn 0.0273 -0.1222 -0.9921
vn 0.1840 -0.8222 -0.5386
vn 0.1840 -0.8222 0.5386
vn 0.0273 -0.1222 0.9921
vn 0.1361 -0.6082 -0.7820
vn 0.2142 -0.9571 0.1949
vt 0.750000 0.300000
vt 0.750000 0.400000
vt 0.687500 0.400000
vt 0.687500 0.300000
vt 0.750000 0.600000
vt 0.750000 0.700000
vt 0.687500 0.700000
vt 0.687500 0.600000
vt 0.750000 0.900000
vt 0.718750 1.000000
vt 0.687500 0.900000
vt 0.750000 0.200000
vt 0.687500 0.200000
vt 0.750000 0.500000
vt 0.687500 0.500000
vt 0.750000 0.800000
vt 0.687500 0.800000
vt 0.750000 0.100000
vt 0.687500 0.100000
vt 0.718750 0.000000
vt 0.625000 0.400000
vt 0.625000 0.300000
vt 0.625000 0.700000
vt 0.625000 0.600000
vt 0.656250 1.000000
vt 0.625000 0.900000
vt 0.625000 0.200000
vt 0.625000 0.500000
vt 0.625000 0.800000
vt 0.625000 0.100000
vt 0.656250 0.000000
vt 0.562500 0.800000
vt 0.562500 0.700000
vt 0.593750 0.000000
vt 0.562500 0.100000
vt 0.562500 0.400000
vt 0.562500 0.300000
vt 0.562500 0.600000
vt 0.593750 1.000000
vt 0.562500 0.900000
vt 0.562500 0.200000
vt 0.562500 0.500000
vt 0.500000 0.500000
vt 0.500000 0.400000
vt 0.500000 0.800000
vt 0.500000 0.700000
vt 0.531250 0.000000
vt 0.500000 0.100000
vt 0.500000 0.300000
vt 0.500000 0.600000
vt 0.531250 1.000000
vt 0.500000 0.900000
vt 0.500000 0.200000
vt 0.437500 0.900000
vt 0.437500 0.800000
vt 0.437500 0.200000
vt 0.437500 0.100000
vt 0.437500 0.500000
vt 0.437500 0.400000
vt 0.437500 0.700000
vt 0.468750 0.000000
vt 0.437500 0.300000
vt 0.437500 0.600000
vt 0.468750 1.000000
vt 0.375000 0.300000
vt 0.375000 0.200000
vt 0.375000 0.600000
vt 0.375000 0.500000
vt 0.375000 0.900000
vt 0.375000 0.800000
vt 0.375000 0.100000
vt 0.375000 0.400000
vt 0.375000 0.700000
vt 0.406250 0.000000
vt 0.406250 1.000000
vt 0.312500 0.700000
vt 0.312500 0.600000
vt 0.343750 1.000000
vt 0.312500 0.900000
vt 0.312500 0.300000
vt 0.312500 0.200000
vt 0.312500 0.500000
vt 0.312500 0.800000
vt 0.312500 0.100000
vt 0.312500 0.400000
vt 0.343750 0.000000
vt 0.250000 0.400000
vt 0.250000 0.300000
vt 0.250000 0.700000
vt 0.250000 0.600000
vt 0.281250 1.000000
vt 0.250000 0.900000
vt 0.250000 0.200000
vt 0.250000 0.500000
vt 0.250000 0.800000
vt 0.250000 0.100000
vt 0.281250 0.000000
vt 0.187500 0.800000
vt 0.187500 0.700000
vt 0.218750 0.000000
vt 0.187500 0.100000
vt 0.187500 0.400000
vt 0.187500 0.300000
vt 0.187500 0.600000
vt 0.218750 1.000000
vt 0.187500 0.900000
vt 0.187500 0.200000
vt 0.187500 0.500000
vt 0.125000 0.200000
vt 0.125000 0.100000
vt 0.125000 0.500000
vt 0.125000 0.400000
vt 0.125000 0.800000
vt 0.125000 0.700000
vt 0.156250 0.000000
vt 0.125000 0.300000
vt 0.125000 0.600000
vt 0.156250 1.000000
vt 0.125000 0.900000
vt 0.062500 0.600000
vt 0.062500 0.500000
vt 0.062500 0.900000
vt 0.062500 0.800000
vt 0.062500 0.200000
vt 0.062500 0.100000
vt 0.062500 0.400000
vt 0.062500 0.700000
vt 0.093750 0.000000
vt 0.062500 0.300000
vt 0.093750 1.000000
vt 0.031250 1.000000
vt 0.000000 0.900000
vt 0.000000 0.300000
vt 0.000000 0.200000
vt 0.000000 0.600000
vt 0.000000 0.500000
vt 0.000000 0.800000
vt 0.000000 0.100000
vt 0.000000 0.400000
vt 0.000000 0.700000
vt 0.031250 0.000000
vt 1.000000 0.600000
vt 1.000000 0.700000
vt 0.937500 0.700000
vt 0.937500 0.600000
vt 1.000000 0.900000
vt 0.968750 1.000000
vt 0.937500 0.900000
vt 1.000000 0.200000
vt 1.000000 0.300000
vt 0.937500 0.300000
vt 0.937500 0.200000
vt 1.000000 0.500000
vt 0.937500 0.500000
vt 1.000000 0.800000
vt 0.937500 0.800000
vt 1.000000 0.100000
vt 0.937500 0.100000
vt 1.000000 0.400000
vt 0.937500 0.400000
vt 0.968750 0.000000
vt 0.906250 0.000000
vt 0.875000 0.100000
vt 0.875000 0.400000
vt 0.875000 0.300000
vt 0.875000 0.700000
vt 0.875000 0.600000
vt 0.906250 1.000000
vt 0.875000 0.900000
vt 0.875000 0.200000
vt 0.875000 0.500000
vt 0.875000 0.800000
vt 0.812500 0.500000
vt 0.812500 0.400000
vt 0.812500 0.800000
vt 0.812500 0.700000
vt 0.843750 0.000000
vt 0.812500 0.100000
vt 0.812500 0.300000
vt 0.812500 0.600000
vt 0.843750 1.000000
vt 0.812500 0.900000
vt 0.812500 0.200000
vt 0.781250 0.000000
vt 0.781250 1.000000
s 0
f 227/272/241 226/273/241 235/274/241 236/275/241
f 367/276/242 224/277/242 232/278/242 233/279/242
f 365/280/243 223/281/243 230/282/243
f 368/283/244 227/272/244 236/275/244 237/284/244
f 225/285/245 367/276/245 233/279/245 234/286/245
f 366/287/246 365/280/246 230/282/246 231/288/246
f 228/289/247 368/283/247 237/284/247 238/290/247
f 226/273/248 225/285/248 234/286/248 235/274/248
f 224/277/249 366/287/249 231/288/249 232/278/249
f 229/291/250 228/289/250 238/290/250
f 236/275/251 235/274/251 244/292/251 245/293/251
f 233/279/252 232/278/252 241/294/252 242/295/252
f 230/282/253 223/296/253 239/297/253
f 237/284/254 236/275/254 245/293/254 246/298/254
f 234/286/255 233/279/255 242/295/255 243/299/255
f 231/288/256 230/282/256 239/297/256 240/300/256
f 238/290/257 237/284/257 246/298/257 247/301/257
f 235/274/258 234/286/258 243/299/258 244/292/258
f 232/278/259 231/288/259 240/300/259 241/294/259
f 229/302/260 238/290/260 247/301/260
f 241/294/261 240/300/261 249/303/261 250/304/261
f 229/305/262 247/301/262 256/306/262
f 245/293/263 244/292/263 253/307/263 254/308/263
f 242/295/264 241/294/264 250/304/264 251/309/264
f 239/297/265 223/310/265 248/311/265
f 246/298/266 245/293/266 254/308/266 255/312/266
f 243/299/267 242/295/267 251/309/267 252/313/267
f 240/300/268 239/297/268 248/311/268 249/303/268
f 247/301/269 246/298/269 255/312/269 256/306/269
f 244/292/270 243/299/270 252/313/270 253/307/270
f 253/307/271 252/313/271 261/314/271 262/315/271
f 250/304/272 249/303/272 258/316/272 259/317/272
f 229/318/273 256/306/273 265/319/273
f 254/308/274 253/307/274 262/315/274 263/320/274
f 251/309/275 250/304/275 259/317/275 260/321/275
f 248/311/276 223/322/276 257/323/276
f 255/312/277 254/308/277 263/320/277 264/324/277
f 252/313/278 251/309/278 260/321/278 261/314/278
f 249/303/279 248/311/279 257/323/279 258/316/279
f 256/306/280 255/312/280 264/324/280 265/319/280
f 258/316/281 257/323/281 266/325/281 267/326/281
f 265/319/282 264/324/282 273/327/282 274/328/282
f 262/315/283 261/314/283 270/329/283 271/330/283
f 259/317/284 258/316/284 267/326/284 268/331/284
f 229/332/285 265/319/285 274/328/285
f 263/320/286 262/315/286 271/330/286 272/333/286
f 260/321/287 259/317/287 268/331/287 269/334/287
f 257/323/288 223/335/288 266/325/288
f 264/324/289 263/320/289 272/333/289 273/327/289
f 261/314/290 260/321/290 269/334/290 270/329/290
f 273/327/291 272/333/291 281/336/291 282/337/291
f 270/329/292 269/334/292 278/338/292 279/339/292
f 267/326/293 266/325/293 275/340/293 276/341/293
f 274/328/294 273/327/294 282/337/294 283/342/294
f 271/330/295 270/329/295 279/339/295 280/343/295
f 268/331/296 267/326/296 276/341/296 277/344/296
f 229/345/297 274/328/297 283/342/297
f 272/333/298 271/330/298 280/343/298 281/336/298
f 269/334/299 268/331/299 277/344/299 278/338/299
f 266/325/300 223/346/300 275/340/300
f 278/338/301 277/344/301 286/347/301 287/348/301
f 275/340/302 223/349/302 284/350/302
f 282/337/303 281/336/303 290/351/303 291/352/303
f 279/339/304 278/338/304 287/348/304 288/353/304
f 276/341/305 275/340/305 284/350/305 285/354/305
f 283/342/306 282/337/306 291/352/306 292/355/306
f 280/343/307 279/339/307 288/353/307 289/356/307
f 277/344/308 276/341/308 285/354/308 286/347/308
f 229/357/309 283/342/309 292/355/309
f 281/336/310 280/343/310 289/356/310 290/351/310
f 290/351/311 289/356/311 298/358/311 299/359/311
f 287/348/312 286/347/312 295/360/312 296/361/312
f 284/350/313 223/362/313 293/363/313
f 291/352/314 290/351/314 299/359/314 300/364/314
f 288/353/315 287/348/315 296/361/315 297/365/315
f 285/354/316 284/350/316 293/363/316 294/366/316
f 292/355/317 291/352/317 300/364/317 301/367/317
f 289/356/318 288/353/318 297/365/318 298/358/318
f 286/347/319 285/354/319 294/366/319 295/360/319
f 229/368/320 292/355/320 301/367/320
f 295/360/321 294/366/321 303/369/321 304/370/321
f 229/371/322 301/367/322 310/372/322
f 299/359/323 298/358/323 307/373/323 308/374/323
f 296/361/324 295/360/324 304/370/324 305/375/324
f 293/363/325 223/376/325 302/377/325
f 300/364/326 299/359/326 308/374/326 309/378/326
f 297/365/327 296/361/327 305/375/327 306/379/327
f 294/366/328 293/363/328 302/377/328 303/369/328
f 301/367/329 300/364/329 309/378/329 310/372/329
f 298/358/330 297/365/330 306/379/330 307/373/330
f 310/372/331 309/378/331 318/380/331 319/381/331
f 307/373/332 306/379/332 315/382/332 316/383/332
f 304/370/333 303/369/333 312/384/333 313/385/333
f 229/386/334 310/372/334 319/381/334
f 308/374/335 307/373/335 316/383/335 317/387/335
f 305/375/336 304/370/336 313/385/336 314/388/336
f 302/377/337 223/389/337 311/390/337
f 309/378/338 308/374/338 317/387/338 318/380/338
f 306/379/339 305/375/339 314/388/339 315/382/339
f 303/369/340 302/377/340 311/390/340 312/384/340
f 315/382/341 314/388/341 323/391/341 324/392/341
f 312/384/342 311/390/342 320/393/342 321/394/342
f 319/381/343 318/380/343 327/395/343 328/396/343
f 316/383/344 315/382/344 324/392/344 325/397/344
f 313/385/345 312/384/345 321/394/345 322/398/345
f 229/399/346 319/381/346 328/396/346
f 317/387/347 316/383/347 325/397/347 326/400/347
f 314/388/348 313/385/348 322/398/348 323/391/348
f 311/390/349 223/401/349 320/393/349
f 318/380/350 317/387/350 326/400/350 327/395/350
f 320/393/351 223/402/351 329/403/351
f 327/395/352 326/400/352 335/404/352 336/405/352
f 324/392/353 323/391/353 332/406/353 333/407/353
f 321/394/354 320/393/354 329/403/354 330/408/354
f 328/396/355 327/395/355 336/405/355 337/409/355
f 325/397/356 324/392/356 333/407/356 334/410/356
f 322/398/357 321/394/357 330/408/357 331/411/357
f 229/412/358 328/396/358 337/409/358
f 326/400/359 325/397/359 334/410/359 335/404/359
f 323/391/360 322/398/360 331/411/360 332/406/360
f 332/413/361 331/414/361 340/415/361 341/416/361
f 329/417/362 223/418/362 338/419/362
f 336/420/363 335/421/363 344/422/363 345/423/363
f 333/424/364 332/413/364 341/416/364 342/425/364
f 330/426/365 329/417/365 338/419/365 339/427/365
f 337/428/366 336/420/366 345/423/366 346/429/366
f 334/430/367 333/424/367 342/425/367 343/431/367
f 331/414/368 330/426/368 339/427/368 340/415/368
f 229/432/369 337/428/369 346/429/369
f 335/421/370 334/430/370 343/431/370 344/422/370
f 229/433/371 346/429/371 355/434/371
f 344/422/372 343/431/372 352/435/372 353/436/372
f 341/416/373 340/415/373 349/437/373 350/438/373
f 338/419/374 223/439/374 347/440/374
f 345/423/375 344/422/375 353/436/375 354/441/375
f 342/425/376 341/416/376 350/438/376 351/442/376
f 339/427/377 338/419/377 347/440/377 348/443/377
f 346/429/378 345/423/378 354/441/378 355/434/378
f 343/431/379 342/425/379 351/442/379 352/435/379
f 340/415/380 339/427/380 348/443/380 349/437/380
f 352/435/381 351/442/381 360/444/381 361/445/381
f 349/437/382 348/443/382 357/446/382 358/447/382
f 229/448/383 355/434/383 364/449/383
f 353/436/384 352/435/384 361/445/384 362/450/384
f 350/438/385 349/437/385 358/447/385 359/451/385
f 347/440/386 223/452/386 356/453/386
f 354/441/387 353/436/387 362/450/387 363/454/387
f 351/442/388 350/438/388 359/451/388 360/444/388
f 348/443/389 347/440/389 356/453/389 357/446/389
f 355/434/390 354/441/390 363/454/390 364/449/390
f 357/446/391 356/453/391 365/280/391 366/287/391
f 364/449/392 363/454/392 368/283/392 228/289/392
f 361/445/393 360/444/393 225/285/393 226/273/393
f 358/447/394 357/446/394 366/287/394 224/277/394
f 229/455/395 364/449/395 228/289/395
f 362/450/396 361/445/396 226/273/396 227/272/396
f 359/451/397 358/447/397 224/277/397 367/276/397
f 356/453/398 223/456/398 365/280/398
f 363/454/399 362/450/399 227/272/399 368/283/399
f 360/444/400 359/451/400 367/276/400 225/285/400
o arched_neck
v -7.799919 -28.560560 6.300124
v -16.200083 -45.360893 6.300125
v -4.982417 -29.969311 5.456068
v -13.382581 -46.769646 5.456069
v -2.919863 -31.000587 3.150062
v -11.320026 -47.800922 3.150063
v -2.164915 -31.378061 -0.000000
v -10.565079 -48.178394 0.000001
v -2.919863 -31.000587 -3.150062
v -11.320026 -47.800922 -3.150061
v -4.982416 -29.969313 -5.456068
v -13.382580 -46.769646 -5.456067
v -7.799918 -28.560562 -6.300125
v -16.200081 -45.360893 -6.300124
v -10.617419 -27.151812 -5.456069
v -19.017582 -43.952145 -5.456068
v -12.679974 -26.120533 -3.150063
v -21.080137 -42.920868 -3.150062
v -13.434921 -25.743061 -0.000001
v -21.835085 -42.543392 0.000000
v -12.679974 -26.120533 3.150061
v -21.080137 -42.920868 3.150062
v -10.617420 -27.151810 5.456067
v -19.017584 -43.952145 5.456068
vn 0.2315 -0.1157 0.9659
vn 0.6325 -0.3162 0.7071
vn 0.8640 -0.4320 0.2588
vn 0.8640 -0.4320 -0.2588
vn 0.6325 -0.3162 -0.7071
vn 0.2315 -0.1157 -0.9659
vn -0.2315 0.1157 -0.9659
vn -0.6325 0.3162 -0.7071
vn -0.8640 0.4320 -0.2588
vn -0.8640 0.4320 0.2588
vn -0.4472 -0.8944 -0.0000
vn -0.6325 0.3162 0.7071
vn -0.2315 0.1157 0.9659
vn 0.4472 0.8944 -0.0000
vt 1.000000 0.500000
vt 1.000000 1.000000
vt 0.916667 1.000000
vt 0.916667 0.500000
vt 0.833333 1.000000
vt 0.833333 0.500000
vt 0.750000 1.000000
vt 0.750000 0.500000
vt 0.666667 1.000000
vt 0.666667 0.500000
vt 0.583333 1.000000
vt 0.583333 0.500000
vt 0.500000 1.000000
vt 0.500000 0.500000
vt 0.416667 1.000000
vt 0.416667 0.500000
vt 0.333333 1.000000
vt 0.333333 0.500000
vt 0.250000 1.000000
vt 0.250000 0.500000
vt 0.166667 1.000000
vt 0.166667 0.500000
vt 0.370000 0.457846
vt 0.250000 0.490000
vt 0.130000 0.457846
vt 0.042154 0.370000
vt 0.010000 0.250000
vt 0.042154 0.130000
vt 0.130000 0.042154
vt 0.250000 0.010000
vt 0.370000 0.042154
vt 0.457846 0.130000
vt 0.490000 0.250000
vt 0.457846 0.370000
vt 0.083333 1.000000
vt 0.083333 0.500000
vt 0.000000 1.000000
vt 0.000000 0.500000
vt 0.750000 0.490000
vt 0.870000 0.457846
vt 0.957846 0.370000
vt 0.990000 0.250000
vt 0.957846 0.130000
vt 0.870000 0.042154
vt 0.750000 0.010000
vt 0.630000 0.042154
vt 0.542154 0.130000
vt 0.510000 0.250000
vt 0.542154 0.370000
vt 0.630000 0.457846
s 0
f 369/457/401 370/458/401 372/459/401 371/460/401
f 371/460/402 372/459/402 374/461/402 373/462/402
f 373/462/403 374/461/403 376/463/403 375/464/403
f 375/464/404 376/463/404 378/465/404 377/466/404
f 377/466/405 378/465/405 380/467/405 379/468/405
f 379/468/406 380/467/406 382/469/406 381/470/406
f 381/470/407 382/469/407 384/471/407 383/472/407
f 383/472/408 384/471/408 386/473/408 385/474/408
f 385/474/409 386/473/409 388/475/409 387/476/409
f 387/476/410 388/475/410 390/477/410 389/478/410
f 372/479/411 370/480/411 392/481/411 390/482/411 388/483/411 386/484/411 384/485/411 382/486/411 380/487/411 378/488/411 376/489/411 374/490/411
f 389/478/412 390/477/412 392/491/412 391/492/412
f 391/492/413 392/491/413 370/493/413 369/494/413
f 369/495/414 371/496/414 373/497/414 375/498/414 377/499/414 379/500/414 381/501/414 383/502/414 385/503/414 387/504/414 389/505/414 391/506/414
o head
v -19.000000 -48.160950 7.700152
v -19.000000 -53.597652 4.526036
v -19.000000 -54.881081 0.000000
v -19.000000 -54.552177 -2.379478
v -19.000000 -53.597652 -4.526036
v -19.000000 -50.237587 -7.323280
v -19.000000 -48.160950 -7.700152
v -20.076149 -50.079510 7.323280
v -21.046955 -51.810268 6.229554
v -21.817392 -53.183807 4.526036
v -22.312042 -54.065674 2.379478
v -22.482489 -54.369541 0.000000
v -22.312042 -54.065674 -2.379478
v -21.817392 -53.183807 -4.526036
v -21.046955 -51.810268 -6.229554
v -20.076149 -50.079510 -7.323280
v -20.988462 -49.629353 7.323280
v -22.782280 -50.954018 6.229554
v -24.205862 -52.005280 4.526036
v -25.119858 -52.680229 2.379478
v -25.434799 -52.912800 0.000000
v -25.119858 -52.680229 -2.379478
v -24.205862 -52.005280 -4.526036
v -22.782280 -50.954018 -6.229554
v -20.988462 -49.629353 -7.323280
v -21.598051 -48.955643 7.323280
v -23.941788 -49.672546 6.229554
v -25.801785 -50.241486 4.526036
v -26.995979 -50.606766 2.379478
v -27.407471 -50.732632 0.000000
v -26.995979 -50.606766 -2.379478
v -25.801785 -50.241486 -4.526036
v -23.941788 -49.672546 -6.229554
v -21.598051 -48.955643 -7.323280
v -21.812111 -48.160950 7.323280
v -24.348951 -48.160950 6.229554
v -26.362198 -48.160950 4.526036
v -27.654785 -48.160950 2.379478
v -28.100180 -48.160950 0.000000
v -27.654785 -48.160950 -2.379478
v -26.362198 -48.160950 -4.526036
v -24.348951 -48.160950 -6.229554
v -21.812111 -48.160950 -7.323280
v -21.598051 -47.366257 7.323280
v -23.941784 -46.649353 6.229554
v -25.801785 -46.080414 4.526036
v -26.995977 -45.715134 2.379478
v -27.407469 -45.589264 0.000000
v -26.995977 -45.715134 -2.379478
v -25.801785 -46.080414 -4.526036
v -23.941784 -46.649353 -6.229554
v -21.598051 -47.366257 -7.323280
v -20.988462 -46.692547 7.323280
v -22.782278 -45.367882 6.229554
v -24.205860 -44.316620 4.526036
v -25.119854 -43.641670 2.379478
v -25.434797 -43.409096 0.000000
v -25.119854 -43.641670 -2.379478
v -24.205860 -44.316620 -4.526036
v -22.782278 -45.367882 -6.229554
v -20.988462 -46.692547 -7.323280
v -20.076147 -46.242390 7.323280
v -21.046953 -44.511631 6.229554
v -21.817390 -43.138092 4.526036
v -22.312040 -42.256226 2.379478
v -22.482485 -41.952354 0.000000
v -22.312040 -42.256226 -2.379478
v -21.817390 -43.138092 -4.526036
v -21.046953 -44.511631 -6.229554
v -20.076147 -46.242390 -7.323280
v -19.000000 -46.084312 7.323280
v -18.999998 -44.210957 6.229554
v -18.999998 -42.724251 4.526036
v -18.999998 -41.769726 2.379478
v -18.999996 -41.440819 0.000000
v -18.999998 -41.769726 -2.379478
v -18.999998 -42.724251 -4.526036
v -18.999998 -44.210957 -6.229554
v -19.000000 -46.084312 -7.323280
v -17.923851 -46.242390 7.323280
v -16.953043 -44.511631 6.229554
v -16.182606 -43.138096 4.526036
v -15.687956 -42.256229 2.379478
v -15.517509 -41.952358 0.000000
v -15.687956 -42.256229 -2.379478
v -16.182606 -43.138096 -4.526036
v -16.953043 -44.511631 -6.229554
v -17.923851 -46.242390 -7.323280
v -17.011538 -46.692547 7.323280
v -15.217720 -45.367882 6.229554
v -13.794138 -44.316624 4.526036
v -12.880142 -43.641674 2.379478
v -12.565199 -43.409100 0.000000
v -12.880142 -43.641674 -2.379478
v -13.794138 -44.316624 -4.526036
v -15.217720 -45.367882 -6.229554
v -17.011538 -46.692547 -7.323280
v -16.401949 -47.366257 7.323280
v -14.058214 -46.649353 6.229554
v -12.198215 -46.080418 4.526036
v -11.004022 -45.715137 2.379478
v -10.592528 -45.589268 0.000000
v -11.004022 -45.715137 -2.379478
v -12.198215 -46.080418 -4.526036
v -14.058214 -46.649353 -6.229554
v -16.401949 -47.366257 -7.323280
v -16.187889 -48.160950 7.323280
v -13.651050 -48.160950 6.229554
v -11.637803 -48.160954 4.526036
v -10.345217 -48.160954 2.379478
v -9.899821 -48.160954 0.000000
v -10.345217 -48.160954 -2.379478
v -11.637803 -48.160954 -4.526036
v -13.651050 -48.160950 -6.229554
v -16.187889 -48.160950 -7.323280
v -16.401949 -48.955643 7.323280
v -14.058216 -49.672550 6.229554
v -12.198217 -50.241486 4.526036
v -11.004025 -50.606770 2.379478
v -10.592533 -50.732635 0.000000
v -11.004025 -50.606770 -2.379478
v -12.198217 -50.241486 -4.526036
v -14.058216 -49.672550 -6.229554
v -16.401949 -48.955643 -7.323280
v -17.011539 -49.629353 7.323280
v -15.217724 -50.954018 6.229554
v -13.794144 -52.005280 4.526036
v -12.880148 -52.680229 2.379478
v -12.565205 -52.912804 0.000000
v -12.880148 -52.680229 -2.379478
v -13.794144 -52.005280 -4.526036
v -15.217724 -50.954018 -6.229554
v -17.011539 -49.629353 -7.323280
v -17.923853 -50.079510 7.323280
v -16.953049 -51.810268 6.229554
v -16.182613 -53.183807 4.526036
v -15.687963 -54.065674 2.379478
v -15.517517 -54.369545 0.000000
v -15.687963 -54.065674 -2.379478
v -16.182613 -53.183807 -4.526036
v -16.953049 -51.810268 -6.229554
v -17.923853 -50.079510 -7.323280
v -19.000002 -50.237587 7.323280
v -19.000004 -52.110943 6.229554
v -19.000006 -54.552174 2.379478
v -19.000004 -52.110943 -6.229554
vn -0.1440 -0.9803 0.1355
vn -0.0739 -0.5028 0.8612
vn -0.0739 -0.5028 -0.8612
vn -0.1440 -0.9803 -0.1355
vn -0.1100 -0.7489 0.6535
vn -0.0262 -0.1785 -0.9836
vn -0.1330 -0.9056 -0.4027
vn -0.1330 -0.9056 0.4027
vn -0.0262 -0.1785 0.9836
vn -0.1100 -0.7489 -0.6535
vn -0.4378 -0.8873 0.1447
vn -0.2138 -0.4333 0.8755
vn -0.2138 -0.4333 -0.8755
vn -0.4378 -0.8873 -0.1447
vn -0.3251 -0.6589 0.6783
vn -0.0748 -0.1516 -0.9856
vn -0.4004 -0.8115 -0.4256
vn -0.4004 -0.8115 0.4256
vn -0.0748 -0.1516 0.9856
vn -0.3251 -0.6589 -0.6783
vn -0.1123 -0.1016 0.9885
vn -0.5156 -0.4665 -0.7187
vn -0.7318 -0.6621 0.1616
vn -0.3278 -0.2966 0.8970
vn -0.3278 -0.2966 -0.8970
vn -0.7318 -0.6621 -0.1616
vn -0.5156 -0.4665 0.7187
vn -0.1123 -0.1016 -0.9885
vn -0.6561 -0.5936 -0.4660
vn -0.6561 -0.5936 0.4660
vn -0.8347 -0.2248 0.5027
vn -0.1327 -0.0358 0.9905
vn -0.6364 -0.1714 -0.7521
vn -0.9502 -0.2559 0.1779
vn -0.3937 -0.1060 0.9131
vn -0.3937 -0.1060 -0.9131
vn -0.9502 -0.2559 -0.1779
vn -0.6364 -0.1714 0.7521
vn -0.1327 -0.0358 -0.9905
vn -0.8347 -0.2248 -0.5027
vn -0.1327 0.0358 -0.9905
vn -0.8347 0.2248 -0.5027
vn -0.8347 0.2248 0.5027
vn -0.1327 0.0358 0.9905
vn -0.6364 0.1714 -0.7521
vn -0.9502 0.2559 0.1779
vn -0.3937 0.1060 0.9131
vn -0.3937 0.1060 -0.9131
vn -0.9502 0.2559 -0.1779
vn -0.6364 0.1714 0.7521
vn -0.7318 0.6621 -0.1616
vn -0.5156 0.4665 0.7187
vn -0.1123 0.1016 -0.9885
vn -0.6561 0.5936 -0.4660
vn -0.6561 0.5936 0.4660
vn -0.1123 0.1016 0.9885
vn -0.5156 0.4665 -0.7187
vn -0.7318 0.6621 0.1616
vn -0.3278 0.2966 0.8970
vn -0.3278 0.2966 -0.8970
vn -0.2138 0.4333 0.8755
vn -0.2138 0.4333 -0.8755
vn -0.4378 0.8873 -0.1447
vn -0.3251 0.6589 0.6783
vn -0.0748 0.1516 -0.9856
vn -0.4004 0.8115 -0.4256
vn -0.4004 0.8115 0.4256
vn -0.0748 0.1516 0.9856
vn -0.3251 0.6589 -0.6783
vn -0.4378 0.8873 0.1447
vn -0.1440 0.9803 0.1355
vn -0.0739 0.5028 0.8612
vn -0.0739 0.5028 -0.8612
vn -0.1440 0.9803 -0.1355
vn -0.1100 0.7489 0.6535
vn -0.0262 0.1785 -0.9836
vn -0.1330 0.9056 -0.4027
vn -0.1330 0.9056 0.4027
vn -0.0262 0.1785 0.9836
vn -0.1100 0.7489 -0.6535
vn 0.0262 0.1785 0.9836
vn 0.1100 0.7489 -0.6535
vn 0.1440 0.9803 0.1355
vn 0.0739 0.5028 0.8612
vn 0.0739 0.5028 -0.8612
vn 0.1440 0.9803 -0.1355
vn 0.1100 0.7489 0.6535
vn 0.0262 0.1785 -0.9836
vn 0.1330 0.9056 -0.4027
vn 0.1330 0.9056 0.4027
vn 0.4004 0.8115 -0.4256
vn 0.4004 0.8115 0.4256
vn 0.0748 0.1516 0.9856
vn 0.3251 0.6589 -0.6783
vn 0.4378 0.8873 0.1447
vn 0.2138 0.4333 0.8755
vn 0.2138 0.4333 -0.8755
vn 0.4378 0.8873 -0.1447
vn 0.3251 0.6589 0.6783
vn 0.0748 0.1516 -0.9856
vn 0.5156 0.4665 0.7187
vn 0.1123 0.1016 -0.9885
vn 0.6561 0.5936 -0.4660
vn 0.6561 0.5936 0.4660
vn 0.1123 0.1016 0.9885
vn 0.5156 0.4665 -0.7187
vn 0.7318 0.6621 0.1616
vn 0.3278 0.2966 0.8970
vn 0.3278 0.2966 -0.8970
vn 0.7318 0.6621 -0.1616
vn 0.9502 0.2559 -0.1779
vn 0.6364 0.1714 0.7521
vn 0.1327 0.0358 -0.9905
vn 0.8347 0.2248 -0.5027
vn 0.8347 0.2248 0.5027
vn 0.1327 0.0358 0.9905
vn 0.6364 0.1714 -0.7521
vn 0.9502 0.2559 0.1779
vn 0.3937 0.1060 0.9131
vn 0.3937 0.1060 -0.9131
vn 0.3937 -0.1060 0.9131
vn 0.3937 -0.1060 -0.9131
vn 0.9502 -0.2559 -0.1779
vn 0.6364 -0.1714 0.7521
vn 0.1327 -0.0358 -0.9905
vn 0.8347 -0.2248 -0.5027
vn 0.8347 -0.2248 0.5027
vn 0.1327 -0.0358 0.9905
vn 0.6364 -0.1714 -0.7521
vn 0.9502 -0.2559 0.1779
vn 0.5156 -0.4665 -0.7187
vn 0.7318 -0.6621 0.1616
vn 0.3278 -0.2966 0.8970
vn 0.3278 -0.2966 -0.8970
vn 0.7318 -0.6621 -0.1616
vn 0.5156 -0.4665 0.7187
vn 0.1123 -0.1016 -0.9885
vn 0.6561 -0.5936 -0.4660
vn 0.6561 -0.5936 0.4660
vn 0.1123 -0.1016 0.9885
vn 0.4004 -0.8115 0.4256
vn 0.0748 -0.1516 0.9856
vn 0.3251 -0.6589 -0.6783
vn 0.4378 -0.8873 0.1447
vn 0.2138 -0.4333 0.8755
vn 0.2138 -0.4333 -0.8755
vn 0.4378 -0.8873 -0.1447
vn 0.3251 -0.6589 0.6783
vn 0.0748 -0.1516 -0.9856
vn 0.4004 -0.8115 -0.4256
vn 0.1330 -0.9056 -0.4027
vn 0.1330 -0.9056 0.4027
vn 0.0262 -0.1785 0.9836
vn 0.1100 -0.7489 -0.6535
vn 0.1440 -0.9803 0.1355
vn 0.0739 -0.5028 0.8612
vn 0.0739 -0.5028 -0.8612
vn 0.1440 -0.9803 -0.1355
vn 0.1100 -0.7489 0.6535
vn 0.0262 -0.1785 -0.9836
vt 0.750000 0.500000
vt 0.750000 0.600000
vt 0.687500 0.600000
vt 0.687500 0.500000
vt 0.750000 0.800000
vt 0.750000 0.900000
vt 0.687500 0.900000
vt 0.687500 0.800000
vt 0.750000 0.100000
vt 0.750000 0.200000
vt 0.687500 0.200000
vt 0.687500 0.100000
vt 0.750000 0.400000
vt 0.687500 0.400000
vt 0.750000 0.700000
vt 0.687500 0.700000
vt 0.718750 0.000000
vt 0.750000 0.300000
vt 0.687500 0.300000
vt 0.718750 1.000000
vt 0.625000 0.600000
vt 0.625000 0.500000
vt 0.625000 0.900000
vt 0.625000 0.800000
vt 0.625000 0.200000
vt 0.625000 0.100000
vt 0.625000 0.400000
vt 0.625000 0.700000
vt 0.656250 0.000000
vt 0.625000 0.300000
vt 0.656250 1.000000
vt 0.593750 1.000000
vt 0.562500 0.900000
vt 0.562500 0.300000
vt 0.562500 0.200000
vt 0.562500 0.600000
vt 0.562500 0.500000
vt 0.562500 0.800000
vt 0.562500 0.100000
vt 0.562500 0.400000
vt 0.562500 0.700000
vt 0.593750 0.000000
vt 0.500000 0.700000
vt 0.500000 0.600000
vt 0.531250 1.000000
vt 0.500000 0.900000
vt 0.500000 0.300000
vt 0.500000 0.200000
vt 0.500000 0.500000
vt 0.500000 0.800000
vt 0.500000 0.100000
vt 0.500000 0.400000
vt 0.531250 0.000000
vt 0.468750 0.000000
vt 0.437500 0.100000
vt 0.437500 0.400000
vt 0.437500 0.300000
vt 0.437500 0.700000
vt 0.437500 0.600000
vt 0.468750 1.000000
vt 0.437500 0.900000
vt 0.437500 0.200000
vt 0.437500 0.500000
vt 0.437500 0.800000
vt 0.375000 0.500000
vt 0.375000 0.400000
vt 0.375000 0.800000
vt 0.375000 0.700000
vt 0.406250 0.000000
vt 0.375000 0.100000
vt 0.375000 0.300000
vt 0.375000 0.600000
vt 0.406250 1.000000
vt 0.375000 0.900000
vt 0.375000 0.200000
vt 0.312500 0.900000
vt 0.312500 0.800000
vt 0.312500 0.200000
vt 0.312500 0.100000
vt 0.312500 0.500000
vt 0.312500 0.400000
vt 0.312500 0.700000
vt 0.343750 0.000000
vt 0.312500 0.300000
vt 0.312500 0.600000
vt 0.343750 1.000000
vt 0.250000 0.600000
vt 0.250000 0.500000
vt 0.250000 0.900000
vt 0.250000 0.800000
vt 0.250000 0.200000
vt 0.250000 0.100000
vt 0.250000 0.400000
vt 0.250000 0.700000
vt 0.281250 0.000000
vt 0.250000 0.300000
vt 0.281250 1.000000
vt 0.218750 1.000000
vt 0.187500 0.900000
vt 0.187500 0.300000
vt 0.187500 0.200000
vt 0.187500 0.600000
vt 0.187500 0.500000
vt 0.187500 0.800000
vt 0.187500 0.100000
vt 0.187500 0.400000
vt 0.187500 0.700000
vt 0.218750 0.000000
vt 0.125000 0.400000
vt 0.125000 0.300000
vt 0.125000 0.700000
vt 0.125000 0.600000
vt 0.156250 1.000000
vt 0.125000 0.900000
vt 0.125000 0.200000
vt 0.125000 0.500000
vt 0.125000 0.800000
vt 0.125000 0.100000
vt 0.156250 0.000000
vt 0.062500 0.800000
vt 0.062500 0.700000
vt 0.093750 0.000000
vt 0.062500 0.100000
vt 0.062500 0.400000
vt 0.062500 0.300000
vt 0.062500 0.600000
vt 0.093750 1.000000
vt 0.062500 0.900000
vt 0.062500 0.200000
vt 0.062500 0.500000
vt 0.000000 0.500000
vt 0.000000 0.400000
vt 0.000000 0.800000
vt 0.000000 0.700000
vt 0.031250 0.000000
vt 0.000000 0.100000
vt 0.000000 0.300000
vt 0.000000 0.600000
vt 0.031250 1.000000
vt 0.000000 0.900000
vt 0.000000 0.200000
vt 1.000000 0.800000
vt 1.000000 0.900000
vt 0.937500 0.900000
vt 0.937500 0.800000
vt 1.000000 0.100000
vt 1.000000 0.200000
vt 0.937500 0.200000
vt 0.937500 0.100000
vt 1.000000 0.400000
vt 1.000000 0.500000
vt 0.937500 0.500000
vt 0.937500 0.400000
vt 1.000000 0.700000
vt 0.937500 0.700000
vt 0.968750 0.000000
vt 1.000000 0.300000
vt 0.937500 0.300000
vt 1.000000 0.600000
vt 0.937500 0.600000
vt 0.968750 1.000000
vt 0.875000 0.300000
vt 0.875000 0.200000
vt 0.875000 0.600000
vt 0.875000 0.500000
vt 0.875000 0.900000
vt 0.875000 0.800000
vt 0.875000 0.100000
vt 0.875000 0.400000
vt 0.875000 0.700000
vt 0.906250 0.000000
vt 0.906250 1.000000
vt 0.812500 0.700000
vt 0.812500 0.600000
vt 0.843750 1.000000
vt 0.812500 0.900000
vt 0.812500 0.300000
vt 0.812500 0.200000
vt 0.812500 0.500000
vt 0.812500 0.800000
vt 0.812500 0.100000
vt 0.812500 0.400000
vt 0.843750 0.000000
vt 0.781250 1.000000
vt 0.781250 0.000000
s 0
f 395/507/415 537/508/415 403/509/415 404/510/415
f 536/511/416 535/512/416 400/513/416 401/514/416
f 398/515/417 538/516/417 407/517/417 408/518/417
f 396/519/418 395/507/418 404/510/418 405/520/418
f 394/521/419 536/511/419 401/514/419 402/522/419
f 399/523/420 398/515/420 408/518/420
f 397/524/421 396/519/421 405/520/421 406/525/421
f 537/508/422 394/521/422 402/522/422 403/509/422
f 535/512/423 393/526/423 400/513/423
f 538/516/424 397/524/424 406/525/424 407/517/424
f 404/510/425 403/509/425 412/527/425 413/528/425
f 401/514/426 400/513/426 409/529/426 410/530/426
f 408/518/427 407/517/427 416/531/427 417/532/427
f 405/520/428 404/510/428 413/528/428 414/533/428
f 402/522/429 401/514/429 410/530/429 411/534/429
f 399/535/430 408/518/430 417/532/430
f 406/525/431 405/520/431 414/533/431 415/536/431
f 403/509/432 402/522/432 411/534/432 412/527/432
f 400/513/433 393/537/433 409/529/433
f 407/517/434 406/525/434 415/536/434 416/531/434
f 409/529/435 393/538/435 418/539/435
f 416/531/436 415/536/436 424/540/436 425/541/436
f 413/528/437 412/527/437 421/542/437 422/543/437
f 410/530/438 409/529/438 418/539/438 419/544/438
f 417/532/439 416/531/439 425/541/439 426/545/439
f 414/533/440 413/528/440 422/543/440 423/546/440
f 411/534/441 410/530/441 419/544/441 420/547/441
f 399/548/442 417/532/442 426/545/442
f 415/536/443 414/533/443 423/546/443 424/540/443
f 412/527/444 411/534/444 420/547/444 421/542/444
f 421/542/445 420/547/445 429/549/445 430/550/445
f 418/539/446 393/551/446 427/552/446
f 425/541/447 424/540/447 433/553/447 434/554/447
f 422/543/448 421/542/448 430/550/448 431/555/448
f 419/544/449 418/539/449 427/552/449 428/556/449
f 426/545/450 425/541/450 434/554/450 435/557/450
f 423/546/451 422/543/451 431/555/451 432/558/451
f 420/547/452 419/544/452 428/556/452 429/549/452
f 399/559/453 426/545/453 435/557/453
f 424/540/454 423/546/454 432/558/454 433/553/454
f 399/560/455 435/557/455 444/561/455
f 433/553/456 432/558/456 441/562/456 442/563/456
f 430/550/457 429/549/457 438/564/457 439/565/457
f 427/552/458 393/566/458 436/567/458
f 434/554/459 433/553/459 442/563/459 443/568/459
f 431/555/460 430/550/460 439/565/460 440/569/460
f 428/556/461 427/552/461 436/567/461 437/570/461
f 435/557/462 434/554/462 443/568/462 444/561/462
f 432/558/463 431/555/463 440/569/463 441/562/463
f 429/549/464 428/556/464 437/570/464 438/564/464
f 441/562/465 440/569/465 449/571/465 450/572/465
f 438/564/466 437/570/466 446/573/466 447/574/466
f 399/575/467 444/561/467 453/576/467
f 442/563/468 441/562/468 450/572/468 451/577/468
f 439/565/469 438/564/469 447/574/469 448/578/469
f 436/567/470 393/579/470 445/580/470
f 443/568/471 442/563/471 451/577/471 452/581/471
f 440/569/472 439/565/472 448/578/472 449/571/472
f 437/570/473 436/567/473 445/580/473 446/573/473
f 444/561/474 443/568/474 452/581/474 453/576/474
f 446/573/475 445/580/475 454/582/475 455/583/475
f 453/576/476 452/581/476 461/584/476 462/585/476
f 450/572/477 449/571/477 458/586/477 459/587/477
f 447/574/478 446/573/478 455/583/478 456/588/478
f 399/589/479 453/576/479 462/585/479
f 451/577/480 450/572/480 459/587/480 460/590/480
f 448/578/481 447/574/481 456/588/481 457/591/481
f 445/580/482 393/592/482 454/582/482
f 452/581/483 451/577/483 460/590/483 461/584/483
f 449/571/484 448/578/484 457/591/484 458/586/484
f 458/586/485 457/591/485 466/593/485 467/594/485
f 455/583/486 454/582/486 463/595/486 464/596/486
f 462/585/487 461/584/487 470/597/487 471/598/487
f 459/587/488 458/586/488 467/594/488 468/599/488
f 456/588/489 455/583/489 464/596/489 465/600/489
f 399/601/490 462/585/490 471/598/490
f 460/590/491 459/587/491 468/599/491 469/602/491
f 457/591/492 456/588/492 465/600/492 466/593/492
f 454/582/493 393/603/493 463/595/493
f 461/584/494 460/590/494 469/602/494 470/597/494
f 463/595/495 393/604/495 472/605/495
f 470/597/496 469/602/496 478/606/496 479/607/496
f 467/594/497 466/593/497 475/608/497 476/609/497
f 464/596/498 463/595/498 472/605/498 473/610/498
f 471/598/499 470/597/499 479/607/499 480/611/499
f 468/599/500 467/594/500 476/609/500 477/612/500
f 465/600/501 464/596/501 473/610/501 474/613/501
f 399/614/502 471/598/502 480/611/502
f 469/602/503 468/599/503 477/612/503 478/606/503
f 466/593/504 465/600/504 474/613/504 475/608/504
f 478/606/505 477/612/505 486/615/505 487/616/505
f 475/608/506 474/613/506 483/617/506 484/618/506
f 472/605/507 393/619/507 481/620/507
f 479/607/508 478/606/508 487/616/508 488/621/508
f 476/609/509 475/608/509 484/618/509 485/622/509
f 473/610/510 472/605/510 481/620/510 482/623/510
f 480/611/511 479/607/511 488/621/511 489/624/511
f 477/612/512 476/609/512 485/622/512 486/615/512
f 474/613/513 473/610/513 482/623/513 483/617/513
f 399/625/514 480/611/514 489/624/514
f 483/617/515 482/623/515 491/626/515 492/627/515
f 399/628/516 489/624/516 498/629/516
f 487/616/517 486/615/517 495/630/517 496/631/517
f 484/618/518 483/617/518 492/627/518 493/632/518
f 481/620/519 393/633/519 490/634/519
f 488/621/520 487/616/520 496/631/520 497/635/520
f 485/622/521 484/618/521 493/632/521 494/636/521
f 482/623/522 481/620/522 490/634/522 491/626/522
f 489/624/523 488/621/523 497/635/523 498/629/523
f 486/615/524 485/622/524 494/636/524 495/630/524
f 495/630/525 494/636/525 503/637/525 504/638/525
f 492/627/526 491/626/526 500/639/526 501/640/526
f 399/641/527 498/629/527 507/642/527
f 496/631/528 495/630/528 504/638/528 505/643/528
f 493/632/529 492/627/529 501/640/529 502/644/529
f 490/634/530 393/645/530 499/646/530
f 497/635/531 496/631/531 505/643/531 506/647/531
f 494/636/532 493/632/532 502/644/532 503/637/532
f 491/626/533 490/634/533 499/646/533 500/639/533
f 498/629/534 497/635/534 506/647/534 507/642/534
f 500/648/535 499/649/535 508/650/535 509/651/535
f 507/652/536 506/653/536 515/654/536 516/655/536
f 504/656/537 503/657/537 512/658/537 513/659/537
f 501/660/538 500/648/538 509/651/538 510/661/538
f 399/662/539 507/652/539 516/655/539
f 505/663/540 504/656/540 513/659/540 514/664/540
f 502/665/541 501/660/541 510/661/541 511/666/541
f 499/649/542 393/667/542 508/650/542
f 506/653/543 505/663/543 514/664/543 515/654/543
f 503/657/544 502/665/544 511/666/544 512/658/544
f 515/654/545 514/664/545 523/668/545 524/669/545
f 512/658/546 511/666/546 520/670/546 521/671/546
f 509/651/547 508/650/547 517/672/547 518/673/547
f 516/655/548 515/654/548 524/669/548 525/674/548
f 513/659/549 512/658/549 521/671/549 522/675/549
f 510/661/550 509/651/550 518/673/550 519/676/550
f 399/677/551 516/655/551 525/674/551
f 514/664/552 513/659/552 522/675/552 523/668/552
f 511/666/553 510/661/553 519/676/553 520/670/553
f 508/650/554 393/678/554 517/672/554
f 520/670/555 519/676/555 528/679/555 529/680/555
f 517/672/556 393/681/556 526/682/556
f 524/669/557 523/668/557 532/683/557 533/684/557
f 521/671/558 520/670/558 529/680/558 530/685/558
f 518/673/559 517/672/559 526/682/559 527/686/559
f 525/674/560 524/669/560 533/684/560 534/687/560
f 522/675/561 521/671/561 530/685/561 531/688/561
f 519/676/562 518/673/562 527/686/562 528/679/562
f 399/689/563 525/674/563 534/687/563
f 523/668/564 522/675/564 531/688/564 532/683/564
f 532/683/565 531/688/565 396/519/565 397/524/565
f 529/680/566 528/679/566 394/521/566 537/508/566
f 526/682/567 393/690/567 535/512/567
f 533/684/568 532/683/568 397/524/568 538/516/568
f 530/685/569 529/680/569 537/508/569 395/507/569
f 527/686/570 526/682/570 535/512/570 536/511/570
f 534/687/571 533/684/571 538/516/571 398/515/571
f 531/688/572 530/685/572 395/507/572 396/519/572
f 528/679/573 527/686/573 536/511/573 394/521/573
f 399/691/574 534/687/574 398/515/574
o snout
v -19.399889 -51.941025 0.000000
v -30.600111 -49.000965 -0.000000
v -19.399889 -51.247021 -2.590051
v -30.600111 -48.700855 -1.120022
v -19.399889 -49.350971 -4.486100
v -30.600111 -47.880943 -1.939935
v -19.399889 -46.760921 -5.180102
v -30.600111 -46.760921 -2.240045
v -19.399889 -44.170872 -4.486100
v -30.600111 -45.640900 -1.939935
v -19.399889 -42.274822 -2.590051
v -30.600111 -44.820988 -1.120022
v -19.399889 -41.580818 0.000000
v -30.600111 -44.520878 -0.000000
v -19.399889 -42.274822 2.590051
v -30.600111 -44.820988 1.120022
v -19.399889 -44.170872 4.486101
v -30.600111 -45.640900 1.939935
v -19.399889 -46.760921 5.180103
v -30.600111 -46.760921 2.240044
v -19.399889 -49.350971 4.486101
v -30.600111 -47.880943 1.939935
v -19.399889 -51.247021 2.590051
v -30.600111 -48.700855 1.120022
vn -0.2458 -0.9363 -0.2509
vn -0.2458 -0.6854 -0.6854
vn -0.2458 -0.2509 -0.9363
vn -0.2458 0.2509 -0.9363
vn -0.2458 0.6854 -0.6854
vn -0.2458 0.9363 -0.2509
vn -0.2458 0.9363 0.2509
vn -0.2458 0.6854 0.6854
vn -0.2458 0.2509 0.9363
vn -0.2458 -0.2509 0.9363
vn -1.0000 -0.0000 -0.0000
vn -0.2458 -0.6854 0.6854
vn -0.2458 -0.9363 0.2509
vn 1.0000 -0.0000 -0.0000
vt 1.000000 0.500000
vt 1.000000 1.000000
vt 0.916667 1.000000
vt 0.916667 0.500000
vt 0.833333 1.000000
vt 0.833333 0.500000
vt 0.750000 1.000000
vt 0.750000 0.500000
vt 0.666667 1.000000
vt 0.666667 0.500000
vt 0.583333 1.000000
vt 0.583333 0.500000
vt 0.500000 1.000000
vt 0.500000 0.500000
vt 0.416667 1.000000
vt 0.416667 0.500000
vt 0.333333 1.000000
vt 0.333333 0.500000
vt 0.250000 1.000000
vt 0.250000 0.500000
vt 0.166667 1.000000
vt 0.166667 0.500000
vt 0.370000 0.457846
vt 0.250000 0.490000
vt 0.130000 0.457846
vt 0.042154 0.370000
vt 0.010000 0.250000
vt 0.042154 0.130000
vt 0.130000 0.042154
vt 0.250000 0.010000
vt 0.370000 0.042154
vt 0.457846 0.130000
vt 0.490000 0.250000
vt 0.457846 0.370000
vt 0.083333 1.000000
vt 0.083333 0.500000
vt 0.000000 1.000000
vt 0.000000 0.500000
vt 0.750000 0.490000
vt 0.870000 0.457846
vt 0.957846 0.370000
vt 0.990000 0.250000
vt 0.957846 0.130000
vt 0.870000 0.042154
vt 0.750000 0.010000
vt 0.630000 0.042154
vt 0.542154 0.130000
vt 0.510000 0.250000
vt 0.542154 0.370000
vt 0.630000 0.457846
s 0
f 539/692/575 540/693/575 542/694/575 541/695/575
f 541/695/576 542/694/576 544/696/576 543/697/576
f 543/697/577 544/696/577 546/698/577 545/699/577
f 545/699/578 546/698/578 548/700/578 547/701/578
f 547/701/579 548/700/579 550/702/579 549/703/579
f 549/703/580 550/702/580 552/704/580 551/705/580
f 551/705/581 552/704/581 554/706/581 553/707/581
f 553/707/582 554/706/582 556/708/582 555/709/582
f 555/709/583 556/708/583 558/710/583 557/711/583
f 557/711/584 558/710/584 560/712/584 559/713/584
f 542/714/585 540/715/585 562/716/585 560/717/585 558/718/585 556/719/585 554/720/585 552/721/585 550/722/585 548/723/585 546/724/585 544/725/585
f 559/713/586 560/712/586 562/726/586 561/727/586
f 561/727/587 562/726/587 540/728/587 539/729/587
f 539/730/588 541/731/588 543/732/588 545/733/588 547/734/588 549/735/588 551/736/588 553/737/588 555/738/588 557/739/588 559/740/588 561/741/588
o horn
v -17.200014 -53.761063 1.540030
v -15.799986 -62.161224 1.540031
v -16.440475 -53.634472 1.333705
v -15.040448 -62.034637 1.333706
v -15.884455 -53.541801 0.770015
v -14.484427 -61.941967 0.770015
v -15.680937 -53.507881 -0.000000
v -14.280910 -61.908047 0.000000
v -15.884455 -53.541801 -0.770016
v -14.484427 -61.941967 -0.770015
v -16.440475 -53.634472 -1.333706
v -15.040448 -62.034637 -1.333705
v -17.200014 -53.761063 -1.540031
v -15.799986 -62.161224 -1.540030
v -17.959553 -53.887650 -1.333706
v -16.559525 -62.287815 -1.333705
v -18.515572 -53.980320 -0.770015
v -17.115545 -62.380486 -0.770015
v -18.719090 -54.014240 -0.000000
v -17.319063 -62.414406 0.000000
v -18.515572 -53.980320 0.770015
v -17.115545 -62.380486 0.770016
v -17.959553 -53.887650 1.333705
v -16.559525 -62.287815 1.333706
vn 0.2553 0.0425 0.9659
vn 0.6975 0.1162 0.7071
vn 0.9528 0.1588 0.2588
vn 0.9528 0.1588 -0.2588
vn 0.6975 0.1162 -0.7071
vn 0.2553 0.0425 -0.9659
vn -0.2553 -0.0425 -0.9659
vn -0.6975 -0.1162 -0.7071
vn -0.9528 -0.1588 -0.2588
vn -0.9528 -0.1588 0.2588
vn 0.1644 -0.9864 -0.0000
vn -0.6975 -0.1162 0.7071
vn -0.2553 -0.0425 0.9659
vn -0.1644 0.9864 -0.0000
vt 1.000000 0.500000
vt 1.000000 1.000000
vt 0.916667 1.000000
vt 0.916667 0.500000
vt 0.833333 1.000000
vt 0.833333 0.500000
vt 0.750000 1.000000
vt 0.750000 0.500000
vt 0.666667 1.000000
vt 0.666667 0.500000
vt 0.583333 1.000000
vt 0.583333 0.500000
vt 0.500000 1.000000
vt 0.500000 0.500000
vt 0.416667 1.000000
vt 0.416667 0.500000
vt 0.333333 1.000000
vt 0.333333 0.500000
vt 0.250000 1.000000
vt 0.250000 0.500000
vt 0.166667 1.000000
vt 0.166667 0.500000
vt 0.370000 0.457846
vt 0.250000 0.490000
vt 0.130000 0.457846
vt 0.042154 0.370000
vt 0.010000 0.250000
vt 0.042154 0.130000
vt 0.130000 0.042154
vt 0.250000 0.010000
vt 0.370000 0.042154
vt 0.457846 0.130000
vt 0.490000 0.250000
vt 0.457846 0.370000
vt 0.083333 1.000000
vt 0.083333 0.500000
vt 0.000000 1.000000
vt 0.000000 0.500000
vt 0.750000 0.490000
vt 0.870000 0.457846
vt 0.957846 0.370000
vt 0.990000 0.250000
vt 0.957846 0.130000
vt 0.870000 0.042154
vt 0.750000 0.010000
vt 0.630000 0.042154
vt 0.542154 0.130000
vt 0.510000 0.250000
vt 0.542154 0.370000
vt 0.630000 0.457846
s 0
f 563/742/589 564/743/589 566/744/589 565/745/589
f 565/745/590 566/744/590 568/746/590 567/747/590
f 567/747/591 568/746/591 570/748/591 569/749/591
f 569/749/592 570/748/592 572/750/592 571/751/592
f 571/751/593 572/750/593 574/752/593 573/753/593
f 573/753/594 574/752/594 576/754/594 575/755/594
f 575/755/595 576/754/595 578/756/595 577/757/595
f 577/757/596 578/756/596 580/758/596 579/759/596
f 579/759/597 580/758/597 582/760/597 581/761/597
f 581/761/598 582/760/598 584/762/598 583/763/598
f 566/764/599 564/765/599 586/766/599 584/767/599 582/768/599 580/769/599 578/770/599 576/771/599 574/772/599 572/773/599 570/774/599 568/775/599
f 583/763/600 584/762/600 586/776/600 585/777/600
f 585/777/601 586/776/601 564/778/601 563/779/601
f 563/780/602 565/781/602 567/782/602 569/783/602 571/784/602 573/785/602 575/786/602 577/787/602 579/788/602 581/789/602 583/790/602 585/791/602
o tail_base
v 7.199805 -21.560425 5.880116
v 26.800194 -17.360342 5.880116
v 6.583778 -18.685627 5.092330
v 26.184168 -14.485546 5.092330
v 6.132814 -16.581131 2.940059
v 25.733204 -12.381050 2.940058
v 5.967751 -15.810831 0.000001
v 25.568140 -11.610750 0.000000
v 6.132814 -16.581131 -2.940057
v 25.733204 -12.381048 -2.940058
v 6.583777 -18.685627 -5.092329
v 26.184166 -14.485545 -5.092330
v 7.199805 -21.560423 -5.880116
v 26.800194 -17.360340 -5.880116
v 7.815832 -24.435219 -5.092330
v 27.416222 -20.235138 -5.092330
v 8.266796 -26.539715 -2.940058
v 27.867186 -22.339634 -2.940059
v 8.431860 -27.310015 -0.000000
v 28.032249 -23.109934 -0.000001
v 8.266796 -26.539717 2.940058
v 27.867186 -22.339634 2.940057
v 7.815833 -24.435219 5.092330
v 27.416222 -20.235138 5.092329
vn -0.0542 0.2531 0.9659
vn -0.1482 0.6914 0.7071
vn -0.2024 0.9445 0.2588
vn -0.2024 0.9445 -0.2588
vn -0.1482 0.6914 -0.7071
vn -0.0542 0.2531 -0.9659
vn 0.0542 -0.2531 -0.9659
vn 0.1482 -0.6914 -0.7071
vn 0.2024 -0.9445 -0.2588
vn 0.2024 -0.9445 0.2588
vn 0.9778 0.2095 -0.0000
vn 0.1482 -0.6914 0.7071
vn 0.0542 -0.2531 0.9659
vn -0.9778 -0.2095 -0.0000
vt 1.000000 0.500000
vt 1.000000 1.000000
vt 0.916667 1.000000
vt 0.916667 0.500000
vt 0.833333 1.000000
vt 0.833333 0.500000
vt 0.750000 1.000000
vt 0.750000 0.500000
vt 0.666667 1.000000
vt 0.666667 0.500000
vt 0.583333 1.000000
vt 0.583333 0.500000
vt 0.500000 1.000000
vt 0.500000 0.500000
vt 0.416667 1.000000
vt 0.416667 0.500000
vt 0.333333 1.000000
vt 0.333333 0.500000
vt 0.250000 1.000000
vt 0.250000 0.500000
vt 0.166667 1.000000
vt 0.166667 0.500000
vt 0.370000 0.457846
vt 0.250000 0.490000
vt 0.130000 0.457846
vt 0.042154 0.370000
vt 0.010000 0.250000
vt 0.042154 0.130000
vt 0.130000 0.042154
vt 0.250000 0.010000
vt 0.370000 0.042154
vt 0.457846 0.130000
vt 0.490000 0.250000
vt 0.457846 0.370000
vt 0.083333 1.000000
vt 0.083333 0.500000
vt 0.000000 1.000000
vt 0.000000 0.500000
vt 0.750000 0.490000
vt 0.870000 0.457846
vt 0.957846 0.370000
vt 0.990000 0.250000
vt 0.957846 0.130000
vt 0.870000 0.042154
vt 0.750000 0.010000
vt 0.630000 0.042154
vt 0.542154 0.130000
vt 0.510000 0.250000
vt 0.542154 0.370000
vt 0.630000 0.457846
s 0
f 587/792/603 588/793/603 590/794/603 589/795/603
f 589/795/604 590/794/604 592/796/604 591/797/604
f 591/797/605 592/796/605 594/798/605 593/799/605
f 593/799/606 594/798/606 596/800/606 595/801/606
f 595/801/607 596/800/607 598/802/607 597/803/607
f 597/803/608 598/802/608 600/804/608 599/805/608
f 599/805/609 600/804/609 602/806/609 601/807/609
f 601/807/610 602/806/610 604/808/610 603/809/610
f 603/809/611 604/808/611 606/810/611 605/811/611
f 605/811/612 606/810/612 608/812/612 607/813/612
f 590/814/613 588/815/613 610/816/613 608/817/613 606/818/613 604/819/613 602/820/613 600/821/613 598/822/613 596/823/613 594/824/613 592/825/613
f 607/813/614 608/812/614 610/826/614 609/827/614
f 609/827/615 610/826/615 588/828/615 587/829/615
f 587/830/616 589/831/616 591/832/616 593/833/616 595/834/616 597/835/616 599/836/616 601/837/616 603/838/616 605/839/616 607/840/616 609/841/616
o tail_tip
v 20.799778 -17.360342 2.800054
v 43.200222 -14.560286 2.800056
v 20.626125 -15.971126 2.424918
v 43.026569 -13.171070 2.424920
v 20.499004 -14.954148 1.400027
v 42.899445 -12.154093 1.400029
v 20.452475 -14.581909 -0.000001
v 42.852917 -11.781853 0.000001
v 20.499004 -14.954148 -1.400028
v 42.899445 -12.154092 -1.400027
v 20.626127 -15.971126 -2.424920
v 43.026569 -13.171069 -2.424918
v 20.799778 -17.360342 -2.800056
v 43.200222 -14.560286 -2.800054
v 20.973431 -18.749557 -2.424920
v 43.373875 -15.949502 -2.424918
v 21.100554 -19.766535 -1.400029
v 43.500996 -16.966478 -1.400027
v 21.147083 -20.138775 -0.000001
v 43.547523 -17.338718 0.000001
v 21.100554 -19.766537 1.400027
v 43.500996 -16.966480 1.400028
v 20.973431 -18.749557 2.424918
v 43.373871 -15.949502 2.424920
vn -0.0321 0.2568 0.9659
vn -0.0877 0.7016 0.7071
vn -0.1198 0.9585 0.2588
vn -0.1198 0.9585 -0.2588
vn -0.0877 0.7016 -0.7071
vn -0.0321 0.2568 -0.9659
vn 0.0321 -0.2568 -0.9659
vn 0.0877 -0.7016 -0.7071
vn 0.1198 -0.9585 -0.2588
vn 0.1198 -0.9585 0.2588
vn 0.9923 0.1240 -0.0000
vn 0.0877 -0.7016 0.7071
vn 0.0321 -0.2568 0.9659
vn -0.9923 -0.1240 -0.0000
vt 1.000000 0.500000
vt 1.000000 1.000000
vt 0.916667 1.000000
vt 0.916667 0.500000
vt 0.833333 1.000000
vt 0.833333 0.500000
vt 0.750000 1.000000
vt 0.750000 0.500000
vt 0.666667 1.000000
vt 0.666667 0.500000
vt 0.583333 1.000000
vt 0.583333 0.500000
vt 0.500000 1.000000
vt 0.500000 0.500000
vt 0.416667 1.000000
vt 0.416667 0.500000
vt 0.333333 1.000000
vt 0.333333 0.500000
vt 0.250000 1.000000
vt 0.250000 0.500000
vt 0.166667 1.000000
vt 0.166667 0.500000
vt 0.370000 0.457846
vt 0.250000 0.490000
vt 0.130000 0.457846
vt 0.042154 0.370000
vt 0.010000 0.250000
vt 0.042154 0.130000
vt 0.130000 0.042154
vt 0.250000 0.010000
vt 0.370000 0.042154
vt 0.457846 0.130000
vt 0.490000 0.250000
vt 0.457846 0.370000
vt 0.083333 1.000000
vt 0.083333 0.500000
vt 0.000000 1.000000
vt 0.000000 0.500000
vt 0.750000 0.490000
vt 0.870000 0.457846
vt 0.957846 0.370000
vt 0.990000 0.250000
vt 0.957846 0.130000
vt 0.870000 0.042154
vt 0.750000 0.010000
vt 0.630000 0.042154
vt 0.542154 0.130000
vt 0.510000 0.250000
vt 0.542154 0.370000
vt 0.630000 0.457846
s 0
f 611/842/617 612/843/617 614/844/617 613/845/617
f 613/845/618 614/844/618 616/846/618 615/847/618
f 615/847/619 616/846/619 618/848/619 617/849/619
f 617/849/620 618/848/620 620/850/620 619/851/620
f 619/851/621 620/850/621 622/852/621 621/853/621
f 621/853/622 622/852/622 624/854/622 623/855/622
f 623/855/623 624/854/623 626/856/623 625/857/623
f 625/857/624 626/856/624 628/858/624 627/859/624
f 627/859/625 628/858/625 630/860/625 629/861/625
f 629/861/626 630/860/626 632/862/626 631/863/626
f 614/864/627 612/865/627 634/866/627 632/867/627 630/868/627 628/869/627 626/870/627 624/871/627 622/872/627 620/873/627 618/874/627 616/875/627
f 631/863/628 632/862/628 634/876/628 633/877/628
f 633/877/629 634/876/629 612/878/629 611/879/629
f 611/880/630 613/881/630 615/882/630 617/883/630 619/884/630 621/885/630 623/886/630 625/887/630 627/888/630 629/889/630 631/890/630 633/891/630
o near_wing_spar
v -1.748817 -28.814795 3.256547
v 8.051376 -61.015434 22.856930
v -0.563633 -28.621813 2.980997
v 9.236561 -60.822453 22.581379
v 0.397421 -28.787556 2.228178
v 10.197615 -60.988194 21.828560
v 0.876832 -29.267612 1.199809
v 10.677026 -61.468250 20.800190
v 0.746141 -29.933352 0.171440
v 10.546335 -62.133987 19.771822
v 0.040368 -30.606388 -0.581379
v 9.840562 -62.807026 19.019003
v -1.051377 -31.106384 -0.856930
v 8.748817 -63.307022 18.743452
v -2.236561 -31.299366 -0.581379
v 7.563633 -63.500008 19.019003
v -3.197615 -31.133625 0.171440
v 6.602579 -63.334263 19.771822
v -3.677026 -30.653568 1.199809
v 6.123168 -62.854206 20.800190
v -3.546335 -29.987829 2.228178
v 6.253859 -62.188469 21.828560
v -2.840562 -29.314793 2.980997
v 6.959632 -61.515430 22.581379
vn 0.1061 0.5404 0.8347
vn 0.5729 0.5463 0.6111
vn 0.8862 0.4058 0.2237
vn 0.9620 0.1566 -0.2237
vn 0.7801 -0.1345 -0.6111
vn 0.3891 -0.3897 -0.8347
vn -0.1061 -0.5404 -0.8347
vn -0.5729 -0.5463 -0.6111
vn -0.8862 -0.4058 -0.2237
vn -0.9620 -0.1566 0.2237
vn 0.2516 -0.8267 0.5032
vn -0.7801 0.1345 0.6111
vn -0.3891 0.3897 0.8347
vn -0.2516 0.8267 -0.5032
vt 1.000000 0.500000
vt 1.000000 1.000000
vt 0.916667 1.000000
vt 0.916667 0.500000
vt 0.833333 1.000000
vt 0.833333 0.500000
vt 0.750000 1.000000
vt 0.750000 0.500000
vt 0.666667 1.000000
vt 0.666667 0.500000
vt 0.583333 1.000000
vt 0.583333 0.500000
vt 0.500000 1.000000
vt 0.500000 0.500000
vt 0.416667 1.000000
vt 0.416667 0.500000
vt 0.333333 1.000000
vt 0.333333 0.500000
vt 0.250000 1.000000
vt 0.250000 0.500000
vt 0.166667 1.000000
vt 0.166667 0.500000
vt 0.370000 0.457846
vt 0.250000 0.490000
vt 0.130000 0.457846
vt 0.042154 0.370000
vt 0.010000 0.250000
vt 0.042154 0.130000
vt 0.130000 0.042154
vt 0.250000 0.010000
vt 0.370000 0.042154
vt 0.457846 0.130000
vt 0.490000 0.250000
vt 0.457846 0.370000
vt 0.083333 1.000000
vt 0.083333 0.500000
vt 0.000000 1.000000
vt 0.000000 0.500000
vt 0.750000 0.490000
vt 0.870000 0.457846
vt 0.957846 0.370000
vt 0.990000 0.250000
vt 0.957846 0.130000
vt 0.870000 0.042154
vt 0.750000 0.010000
vt 0.630000 0.042154
vt 0.542154 0.130000
vt 0.510000 0.250000
vt 0.542154 0.370000
vt 0.630000 0.457846
s 0
f 635/892/631 636/893/631 638/894/631 637/895/631
f 637/895/632 638/894/632 640/896/632 639/897/632
f 639/897/633 640/896/633 642/898/633 641/899/633
f 641/899/634 642/898/634 644/900/634 643/901/634
f 643/901/635 644/900/635 646/902/635 645/903/635
f 645/903/636 646/902/636 648/904/636 647/905/636
f 647/905/637 648/904/637 650/906/637 649/907/637
f 649/907/638 650/906/638 652/908/638 651/909/638
f 651/909/639 652/908/639 654/910/639 653/911/639
f 653/911/640 654/910/640 656/912/640 655/913/640
f 638/914/641 636/915/641 658/916/641 656/917/641 654/918/641 652/919/641 650/920/641 648/921/641 646/922/641 644/923/641 642/924/641 640/925/641
f 655/913/642 656/912/642 658/926/642 657/927/642
f 657/927/643 658/926/643 636/928/643 635/929/643
f 635/930/644 637/931/644 639/932/644 641/933/644 643/934/644 645/935/644 647/936/644 649/937/644 651/938/644 653/939/644 655/940/644 657/941/644
o near_wing_membrane
v -1.400028 -34.160675 5.600111
v 9.800194 -62.161228 25.200497
v 5.600111 -39.760784 29.400579
v -7.000138 -36.960728 18.200359
v -11.200221 -32.760647 7.000138
vn -0.7788 -0.6241 0.0629
s 0
f 659//645 660//645 661//645 662//645 663//645
o far_wing_spar
v -1.051377 -31.106388 0.856932
v 8.748817 -63.307022 -18.743456
v 0.040367 -30.606392 0.581382
v 9.840562 -62.807026 -19.019005
v 0.746141 -29.933353 -0.171436
v 10.546335 -62.133987 -19.771824
v 0.876832 -29.267614 -1.199806
v 10.677027 -61.468246 -20.800194
v 0.397421 -28.787558 -2.228175
v 10.197616 -60.988190 -21.828564
v -0.563633 -28.621815 -2.980993
v 9.236562 -60.822449 -22.581381
v -1.748817 -28.814796 -3.256544
v 8.051377 -61.015430 -22.856932
v -2.840562 -29.314793 -2.980994
v 6.959633 -61.515427 -22.581383
v -3.546335 -29.987831 -2.228176
v 6.253860 -62.188465 -21.828564
v -3.677026 -30.653570 -1.199806
v 6.123168 -62.854202 -20.800194
v -3.197616 -31.133627 -0.171437
v 6.602579 -63.334259 -19.771824
v -2.236562 -31.299370 0.581381
v 7.563633 -63.500004 -19.019007
vn 0.3891 -0.3897 0.8347
vn 0.7801 -0.1345 0.6111
vn 0.9620 0.1566 0.2237
vn 0.8862 0.4058 -0.2237
vn 0.5729 0.5463 -0.6111
vn 0.1061 0.5404 -0.8347
vn -0.3891 0.3897 -0.8347
vn -0.7801 0.1345 -0.6111
vn -0.9620 -0.1566 -0.2237
vn -0.8862 -0.4058 0.2237
vn 0.2516 -0.8267 -0.5032
vn -0.5729 -0.5463 0.6111
vn -0.1061 -0.5404 0.8347
vn -0.2516 0.8267 0.5032
vt 1.000000 0.500000
vt 1.000000 1.000000
vt 0.916667 1.000000
vt 0.916667 0.500000
vt 0.833333 1.000000
vt 0.833333 0.500000
vt 0.750000 1.000000
vt 0.750000 0.500000
vt 0.666667 1.000000
vt 0.666667 0.500000
vt 0.583333 1.000000
vt 0.583333 0.500000
vt 0.500000 1.000000
vt 0.500000 0.500000
vt 0.416667 1.000000
vt 0.416667 0.500000
vt 0.333333 1.000000
vt 0.333333 0.500000
vt 0.250000 1.000000
vt 0.250000 0.500000
vt 0.166667 1.000000
vt 0.166667 0.500000
vt 0.370000 0.457846
vt 0.250000 0.490000
vt 0.130000 0.457846
vt 0.042154 0.370000
vt 0.010000 0.250000
vt 0.042154 0.130000
vt 0.130000 0.042154
vt 0.250000 0.010000
vt 0.370000 0.042154
vt 0.457846 0.130000
vt 0.490000 0.250000
vt 0.457846 0.370000
vt 0.083333 1.000000
vt 0.083333 0.500000
vt 0.000000 1.000000
vt 0.000000 0.500000
vt 0.750000 0.490000
vt 0.870000 0.457846
vt 0.957846 0.370000
vt 0.990000 0.250000
vt 0.957846 0.130000
vt 0.870000 0.042154
vt 0.750000 0.010000
vt 0.630000 0.042154
vt 0.542154 0.130000
vt 0.510000 0.250000
vt 0.542154 0.370000
vt 0.630000 0.457846
s 0
f 664/942/646 665/943/646 667/944/646 666/945/646
f 666/945/647 667/944/647 669/946/647 668/947/647
f 668/947/648 669/946/648 671/948/648 670/949/648
f 670/949/649 671/948/649 673/950/649 672/951/649
f 672/951/650 673/950/650 675/952/650 674/953/650
f 674/953/651 675/952/651 677/954/651 676/955/651
f 676/955/652 677/954/652 679/956/652 678/957/652
f 678/957/653 679/956/653 681/958/653 680/959/653
f 680/959/654 681/958/654 683/960/654 682/961/654
f 682/961/655 683/960/655 685/962/655 684/963/655
f 667/964/656 665/965/656 687/966/656 685/967/656 683/968/656 681/969/656 679/970/656 677/971/656 675/972/656 673/973/656 671/974/656 669/975/656
f 684/963/657 685/962/657 687/976/657 686/977/657
f 686/977/658 687/976/658 665/978/658 664/979/658
f 664/980/659 666/981/659 668/982/659 670/983/659 672/984/659 674/985/659 676/986/659 678/987/659 680/988/659 682/989/659 684/990/659 686/991/659
o far_wing_membrane
v -1.400028 -34.160675 -5.600111
v 9.800194 -62.161228 -25.200497
v 5.600111 -39.760784 -29.400579
v -7.000138 -36.960728 -18.200359
v -11.200221 -32.760647 -7.000138
vn 0.7788 0.6241 0.0629
s 0
f 688//660 689//660 690//660 691//660 692//660
o leg_-7_-5
v 6.799986 -21.560425 -1.639932
v 8.200014 -3.360065 -1.639935
v 5.124902 -21.431572 -2.090096
v 6.524929 -3.231213 -2.090099
v 3.898654 -21.337246 -3.319965
v 5.298682 -3.136886 -3.319968
v 3.449817 -21.302719 -4.999999
v 4.849844 -3.102360 -5.000001
v 3.898654 -21.337246 -6.680032
v 5.298682 -3.136887 -6.680035
v 5.124902 -21.431572 -7.909902
v 6.524929 -3.231214 -7.909904
v 6.799986 -21.560425 -8.360065
v 8.200014 -3.360066 -8.360067
v 8.475071 -21.689278 -7.909902
v 9.875098 -3.488918 -7.909904
v 9.701318 -21.783604 -6.680032
v 11.101345 -3.583245 -6.680035
v 10.150156 -21.818130 -4.999999
v 11.550183 -3.617771 -5.000001
v 9.701318 -21.783604 -3.319965
v 11.101345 -3.583244 -3.319968
v 8.475071 -21.689278 -2.090096
v 9.875098 -3.488917 -2.090099
vn -0.2581 0.0199 0.9659
vn -0.7050 0.0542 0.7071
vn -0.9631 0.0741 0.2588
vn -0.9631 0.0741 -0.2588
vn -0.7050 0.0542 -0.7071
vn -0.2581 0.0199 -0.9659
vn 0.2581 -0.0199 -0.9659
vn 0.7050 -0.0542 -0.7071
vn 0.9631 -0.0741 -0.2588
vn 0.9631 -0.0741 0.2588
vn 0.0767 0.9971 -0.0000
vn 0.7050 -0.0542 0.7071
vn 0.2581 -0.0199 0.9659
vn -0.0767 -0.9971 -0.0000
vt 1.000000 0.500000
vt 1.000000 1.000000
vt 0.916667 1.000000
vt 0.916667 0.500000
vt 0.833333 1.000000
vt 0.833333 0.500000
vt 0.750000 1.000000
vt 0.750000 0.500000
vt 0.666667 1.000000
vt 0.666667 0.500000
vt 0.583333 1.000000
vt 0.583333 0.500000
vt 0.500000 1.000000
vt 0.500000 0.500000
vt 0.416667 1.000000
vt 0.416667 0.500000
vt 0.333333 1.000000
vt 0.333333 0.500000
vt 0.250000 1.000000
vt 0.250000 0.500000
vt 0.166667 1.000000
vt 0.166667 0.500000
vt 0.370000 0.457846
vt 0.250000 0.490000
vt 0.130000 0.457846
vt 0.042154 0.370000
vt 0.010000 0.250000
vt 0.042154 0.130000
vt 0.130000 0.042154
vt 0.250000 0.010000
vt 0.370000 0.042154
vt 0.457846 0.130000
vt 0.490000 0.250000
vt 0.457846 0.370000
vt 0.083333 1.000000
vt 0.083333 0.500000
vt 0.000000 1.000000
vt 0.000000 0.500000
vt 0.750000 0.490000
vt 0.870000 0.457846
vt 0.957846 0.370000
vt 0.990000 0.250000
vt 0.957846 0.130000
vt 0.870000 0.042154
vt 0.750000 0.010000
vt 0.630000 0.042154
vt 0.542154 0.130000
vt 0.510000 0.250000
vt 0.542154 0.370000
vt 0.630000 0.457846
s 0
f 693/992/661 694/993/661 696/994/661 695/995/661
f 695/995/662 696/994/662 698/996/662 697/997/662
f 697/997/663 698/996/663 700/998/663 699/999/663
f 699/999/664 700/998/664 702/1000/664 701/1001/664
f 701/1001/665 702/1000/665 704/1002/665 703/1003/665
f 703/1003/666 704/1002/666 706/1004/666 705/1005/666
f 705/1005/667 706/1004/667 708/1006/667 707/1007/667
f 707/1007/668 708/1006/668 710/1008/668 709/1009/668
f 709/1009/669 710/1008/669 712/1010/669 711/1011/669
f 711/1011/670 712/1010/670 714/1012/670 713/1013/670
f 696/1014/671 694/1015/671 716/1016/671 714/1017/671 712/1018/671 710/1019/671 708/1020/671 706/1021/671 704/1022/671 702/1023/671 700/1024/671 698/1025/671
f 713/1013/672 714/1012/672 716/1026/672 715/1027/672
f 715/1027/673 716/1026/673 694/1028/673 693/1029/673
f 693/1030/674 695/1031/674 697/1032/674 699/1033/674 701/1034/674 703/1035/674 705/1036/674 707/1037/674 709/1038/674 711/1039/674 713/1040/674 715/1041/674
o foot_-7_-5
v 8.000000 -1.960038 -1.499931
v 8.000000 -3.545743 -2.942711
v 8.000000 -3.920077 -5.000000
v 8.000000 -3.824146 -6.081581
v 8.000000 -3.545743 -7.057289
v 8.000000 -2.565723 -8.328764
v 8.000000 -1.960038 -8.500069
v 7.503316 -2.519618 -1.671236
v 7.055252 -3.024423 -2.168385
v 6.699665 -3.425038 -2.942711
v 6.471365 -3.682249 -3.918419
v 6.392698 -3.770878 -5.000000
v 6.471365 -3.682249 -6.081581
v 6.699665 -3.425038 -7.057289
v 7.055252 -3.024423 -7.831615
v 7.503316 -2.519618 -8.328764
v 7.082248 -2.388322 -1.671236
v 6.254333 -2.774683 -2.168385
v 5.597295 -3.081300 -2.942711
v 5.175450 -3.278161 -3.918419
v 5.030093 -3.345994 -5.000000
v 5.175450 -3.278161 -6.081581
v 5.597295 -3.081300 -7.057289
v 6.254333 -2.774683 -7.831615
v 7.082248 -2.388322 -8.328764
v 6.800900 -2.191824 -1.671236
v 5.719175 -2.400921 -2.168385
v 4.860714 -2.566861 -2.942711
v 4.309548 -2.673401 -3.918419
v 4.119629 -2.710112 -5.000000
v 4.309548 -2.673401 -6.081581
v 4.860714 -2.566861 -7.057289
v 5.719175 -2.400921 -7.831615
v 6.800900 -2.191824 -8.328764
v 6.702103 -1.960038 -1.671236
v 5.531254 -1.960038 -2.168385
v 4.602062 -1.960038 -2.942711
v 4.005484 -1.960038 -3.918419
v 3.799917 -1.960038 -5.000000
v 4.005484 -1.960038 -6.081581
v 4.602062 -1.960038 -7.057289
v 5.531254 -1.960038 -7.831615
v 6.702103 -1.960038 -8.328764
v 6.800900 -1.728252 -1.671236
v 5.719176 -1.519155 -2.168385
v 4.860715 -1.353215 -2.942711
v 4.309549 -1.246675 -3.918419
v 4.119630 -1.209963 -5.000000
v 4.309549 -1.246675 -6.081581
v 4.860715 -1.353215 -7.057289
v 5.719176 -1.519155 -7.831615
v 6.800900 -1.728252 -8.328764
v 7.082249 -1.531754 -1.671236
v 6.254333 -1.145393 -2.168385
v 5.597296 -0.838776 -2.942711
v 5.175451 -0.641915 -3.918419
v 5.030094 -0.574081 -5.000000
v 5.175451 -0.641915 -6.081581
v 5.597296 -0.838776 -7.057289
v 6.254333 -1.145393 -7.831615
v 7.082249 -1.531754 -8.328764
v 7.503317 -1.400458 -1.671236
v 7.055252 -0.895653 -2.168385
v 6.699667 -0.495038 -2.942711
v 6.471366 -0.237827 -3.918419
v 6.392699 -0.149198 -5.000000
v 6.471366 -0.237827 -6.081581
v 6.699667 -0.495038 -7.057289
v 7.055252 -0.895653 -7.831615
v 7.503317 -1.400458 -8.328764
v 8.000000 -1.354353 -1.671236
v 8.000001 -0.807956 -2.168385
v 8.000001 -0.374334 -2.942711
v 8.000001 -0.095931 -3.918419
v 8.000002 0.000001 -5.000000
v 8.000001 -0.095931 -6.081581
v 8.000001 -0.374334 -7.057289
v 8.000001 -0.807956 -7.831615
v 8.000000 -1.354353 -8.328764
v 8.496684 -1.400458 -1.671236
v 8.944749 -0.895654 -2.168385
v 9.300335 -0.495039 -2.942711
v 9.528636 -0.237828 -3.918419
v 9.607304 -0.149199 -5.000000
v 9.528636 -0.237828 -6.081581
v 9.300335 -0.495039 -7.057289
v 8.944749 -0.895654 -7.831615
v 8.496684 -1.400458 -8.328764
v 8.917752 -1.531754 -1.671236
v 9.745667 -1.145394 -2.168385
v 10.402705 -0.838776 -2.942711
v 10.824550 -0.641916 -3.918419
v 10.969908 -0.574082 -5.000000
v 10.824550 -0.641916 -6.081581
v 10.402705 -0.838776 -7.057289
v 9.745667 -1.145394 -7.831615
v 8.917752 -1.531754 -8.328764
v 9.199100 -1.728253 -1.671236
v 10.280825 -1.519156 -2.168385
v 11.139285 -1.353216 -2.942711
v 11.690452 -1.246676 -3.918419
v 11.880371 -1.209965 -5.000000
v 11.690452 -1.246676 -6.081581
v 11.139285 -1.353216 -7.057289
v 10.280825 -1.519156 -7.831615
v 9.199100 -1.728253 -8.328764
v 9.297897 -1.960038 -1.671236
v 10.468746 -1.960039 -2.168385
v 11.397937 -1.960039 -2.942711
v 11.994514 -1.960039 -3.918419
v 12.200083 -1.960039 -5.000000
v 11.994514 -1.960039 -6.081581
v 11.397937 -1.960039 -7.057289
v 10.468746 -1.960039 -7.831615
v 9.297897 -1.960038 -8.328764
v 9.199100 -2.191824 -1.671236
v 10.280824 -2.400921 -2.168385
v 11.139284 -2.566861 -2.942711
v 11.690450 -2.673402 -3.918419
v 11.880369 -2.710113 -5.000000
v 11.690450 -2.673402 -6.081581
v 11.139284 -2.566861 -7.057289
v 10.280824 -2.400921 -7.831615
v 9.199100 -2.191824 -8.328764
v 8.917751 -2.388322 -1.671236
v 9.745667 -2.774683 -2.168385
v 10.402703 -3.081301 -2.942711
v 10.824547 -3.278162 -3.918419
v 10.969906 -3.345995 -5.000000
v 10.824547 -3.278162 -6.081581
v 10.402703 -3.081301 -7.057289
v 9.745667 -2.774683 -7.831615
v 8.917751 -2.388322 -8.328764
v 8.496683 -2.519619 -1.671236
v 8.944747 -3.024423 -2.168385
v 9.300333 -3.425038 -2.942711
v 9.528633 -3.682249 -3.918419
v 9.607300 -3.770878 -5.000000
v 9.528633 -3.682249 -6.081581
v 9.300333 -3.425038 -7.057289
v 8.944747 -3.024423 -7.831615
v 8.496683 -2.519619 -8.328764
v 8.000000 -2.565723 -1.671236
v 7.999999 -3.112119 -2.168385
v 7.999998 -3.824145 -3.918419
v 7.999999 -3.112119 -7.831615
vn -0.0921 -0.9919 0.0880
vn -0.0623 -0.6717 0.7382
vn -0.0623 -0.6717 -0.7382
vn -0.0921 -0.9919 -0.0880
vn -0.0807 -0.8697 0.4870
vn -0.0253 -0.2721 -0.9619
vn -0.0889 -0.9578 -0.2733
vn -0.0889 -0.9578 0.2733
vn -0.0253 -0.2721 0.9619
vn -0.0807 -0.8697 -0.4870
vn -0.2962 -0.9499 0.0994
vn -0.1871 -0.6000 0.7778
vn -0.1871 -0.6000 -0.7778
vn -0.2962 -0.9499 -0.0994
vn -0.2518 -0.8075 0.5334
vn -0.0725 -0.2325 -0.9699
vn -0.2834 -0.9089 -0.3059
vn -0.2834 -0.9089 0.3059
vn -0.0725 -0.2325 0.9699
vn -0.2518 -0.8075 -0.5334
vn -0.1098 -0.1572 0.9814
vn -0.4448 -0.6369 -0.6297
vn -0.5679 -0.8132 0.1273
vn -0.3047 -0.4363 0.8466
vn -0.3047 -0.4363 -0.8466
vn -0.5679 -0.8132 -0.1273
vn -0.4448 -0.6369 0.6297
vn -0.1098 -0.1572 -0.9814
vn -0.5292 -0.7578 -0.3817
vn -0.5292 -0.7578 0.3817
vn -0.8018 -0.3418 0.4902
vn -0.1306 -0.0557 0.9899
vn -0.6176 -0.2632 -0.7411
vn -0.9062 -0.3862 0.1722
vn -0.3855 -0.1643 0.9079
vn -0.3855 -0.1643 -0.9079
vn -0.9062 -0.3862 -0.1722
vn -0.6176 -0.2632 0.7411
vn -0.1306 -0.0557 -0.9899
vn -0.8018 -0.3418 -0.4902
vn -0.1306 0.0557 -0.9899
vn -0.8018 0.3418 -0.4902
vn -0.8018 0.3418 0.4902
vn -0.1306 0.0557 0.9899
vn -0.6176 0.2632 -0.7411
vn -0.9062 0.3862 0.1722
vn -0.3855 0.1643 0.9079
vn -0.3855 0.1643 -0.9079
vn -0.9062 0.3862 -0.1722
vn -0.6176 0.2632 0.7411
vn -0.5679 0.8132 -0.1273
vn -0.4448 0.6369 0.6297
vn -0.1098 0.1572 -0.9814
vn -0.5292 0.7578 -0.3817
vn -0.5292 0.7578 0.3817
vn -0.1098 0.1572 0.9814
vn -0.4448 0.6369 -0.6297
vn -0.5679 0.8132 0.1273
vn -0.3047 0.4363 0.8466
vn -0.3047 0.4363 -0.8466
vn -0.1871 0.6000 0.7778
vn -0.1871 0.6000 -0.7778
vn -0.2962 0.9499 -0.0994
vn -0.2518 0.8075 0.5334
vn -0.0725 0.2325 -0.9699
vn -0.2834 0.9089 -0.3059
vn -0.2834 0.9089 0.3059
vn -0.0725 0.2325 0.9699
vn -0.2518 0.8075 -0.5334
vn -0.2962 0.9499 0.0994
vn -0.0921 0.9919 0.0880
vn -0.0623 0.6717 0.7382
vn -0.0623 0.6717 -0.7382
vn -0.0921 0.9919 -0.0880
vn -0.0807 0.8697 0.4870
vn -0.0253 0.2721 -0.9619
vn -0.0889 0.9578 -0.2733
vn -0.0889 0.9578 0.2733
vn -0.0253 0.2721 0.9619
vn -0.0807 0.8697 -0.4870
vn 0.0253 0.2721 0.9619
vn 0.0807 0.8697 -0.4870
vn 0.0921 0.9919 0.0880
vn 0.0623 0.6717 0.7382
vn 0.0623 0.6717 -0.7382
vn 0.0921 0.9919 -0.0880
vn 0.0807 0.8697 0.4870
vn 0.0253 0.2721 -0.9619
vn 0.0889 0.9578 -0.2733
vn 0.0889 0.9578 0.2733
vn 0.2834 0.9089 -0.3059
vn 0.2834 0.9089 0.3059
vn 0.0725 0.2325 0.9699
vn 0.2518 0.8075 -0.5334
vn 0.2962 0.9499 0.0994
vn 0.1871 0.6000 0.7778
vn 0.1871 0.6000 -0.7778
vn 0.2962 0.9499 -0.0994
vn 0.2518 0.8075 0.5334
vn 0.0725 0.2325 -0.9699
vn 0.4448 0.6369 0.6297
vn 0.1098 0.1572 -0.9814
vn 0.5292 0.7578 -0.3817
vn 0.5292 0.7578 0.3817
vn 0.1098 0.1572 0.9814
vn 0.4448 0.6369 -0.6297
vn 0.5679 0.8132 0.1273
vn 0.3047 0.4363 0.8466
vn 0.3047 0.4363 -0.8466
vn 0.5679 0.8132 -0.1273
vn 0.9062 0.3862 -0.1722
vn 0.6176 0.2632 0.7411
vn 0.1306 0.0557 -0.9899
vn 0.8018 0.3418 -0.4902
vn 0.8018 0.3418 0.4902
vn 0.1306 0.0557 0.9899
vn 0.6176 0.2632 -0.7411
vn 0.9062 0.3862 0.1722
vn 0.3855 0.1643 0.9079
vn 0.3855 0.1643 -0.9079
vn 0.3855 -0.1643 0.9079
vn 0.3855 -0.1643 -0.9079
vn 0.9062 -0.3862 -0.1722
vn 0.6176 -0.2632 0.7411
vn 0.1306 -0.0557 -0.9899
vn 0.8018 -0.3418 -0.4902
vn 0.8018 -0.3418 0.4902
vn 0.1306 -0.0557 0.9899
vn 0.6176 -0.2632 -0.7411
vn 0.9062 -0.3862 0.1722
vn 0.4448 -0.6369 -0.6297
vn 0.5679 -0.8132 0.1273
vn 0.3047 -0.4363 0.8466
vn 0.3047 -0.4363 -0.8466
vn 0.5679 -0.8132 -0.1273
vn 0.4448 -0.6369 0.6297
vn 0.1098 -0.1572 -0.9814
vn 0.5292 -0.7578 -0.3817
vn 0.5292 -0.7578 0.3817
vn 0.1098 -0.1572 0.9814
vn 0.2834 -0.9089 0.3059
vn 0.0725 -0.2325 0.9699
vn 0.2518 -0.8075 -0.5334
vn 0.2962 -0.9499 0.0994
vn 0.1871 -0.6000 0.7778
vn 0.1871 -0.6000 -0.7778
vn 0.2962 -0.9499 -0.0994
vn 0.2518 -0.8075 0.5334
vn 0.0725 -0.2325 -0.9699
vn 0.2834 -0.9089 -0.3059
vn 0.0889 -0.9578 -0.2733
vn 0.0889 -0.9578 0.2733
vn 0.0253 -0.2721 0.9619
vn 0.0807 -0.8697 -0.4870
vn 0.0921 -0.9919 0.0880
vn 0.0623 -0.6717 0.7382
vn 0.0623 -0.6717 -0.7382
vn 0.0921 -0.9919 -0.0880
vn 0.0807 -0.8697 0.4870
vn 0.0253 -0.2721 -0.9619
vt 0.750000 0.500000
vt 0.750000 0.600000
vt 0.687500 0.600000
vt 0.687500 0.500000
vt 0.750000 0.800000
vt 0.750000 0.900000
vt 0.687500 0.900000
vt 0.687500 0.800000
vt 0.750000 0.100000
vt 0.750000 0.200000
vt 0.687500 0.200000
vt 0.687500 0.100000
vt 0.750000 0.400000
vt 0.687500 0.400000
vt 0.750000 0.700000
vt 0.687500 0.700000
vt 0.718750 0.000000
vt 0.750000 0.300000
vt 0.687500 0.300000
vt 0.718750 1.000000
vt 0.625000 0.600000
vt 0.625000 0.500000
vt 0.625000 0.900000
vt 0.625000 0.800000
vt 0.625000 0.200000
vt 0.625000 0.100000
vt 0.625000 0.400000
vt 0.625000 0.700000
vt 0.656250 0.000000
vt 0.625000 0.300000
vt 0.656250 1.000000
vt 0.593750 1.000000
vt 0.562500 0.900000
vt 0.562500 0.300000
vt 0.562500 0.200000
vt 0.562500 0.600000
vt 0.562500 0.500000
vt 0.562500 0.800000
vt 0.562500 0.100000
vt 0.562500 0.400000
vt 0.562500 0.700000
vt 0.593750 0.000000
vt 0.500000 0.700000
vt 0.500000 0.600000
vt 0.531250 1.000000
vt 0.500000 0.900000
vt 0.500000 0.300000
vt 0.500000 0.200000
vt 0.500000 0.500000
vt 0.500000 0.800000
vt 0.500000 0.100000
vt 0.500000 0.400000
vt 0.531250 0.000000
vt 0.468750 0.000000
vt 0.437500 0.100000
vt 0.437500 0.400000
vt 0.437500 0.300000
vt 0.437500 0.700000
vt 0.437500 0.600000
vt 0.468750 1.000000
vt 0.437500 0.900000
vt 0.437500 0.200000
vt 0.437500 0.500000
vt 0.437500 0.800000
vt 0.375000 0.500000
vt 0.375000 0.400000
vt 0.375000 0.800000
vt 0.375000 0.700000
vt 0.406250 0.000000
vt 0.375000 0.100000
vt 0.375000 0.300000
vt 0.375000 0.600000
vt 0.406250 1.000000
vt 0.375000 0.900000
vt 0.375000 0.200000
vt 0.312500 0.900000
vt 0.312500 0.800000
vt 0.312500 0.200000
vt 0.312500 0.100000
vt 0.312500 0.500000
vt 0.312500 0.400000
vt 0.312500 0.700000
vt 0.343750 0.000000
vt 0.312500 0.300000
vt 0.312500 0.600000
vt 0.343750 1.000000
vt 0.250000 0.600000
vt 0.250000 0.500000
vt 0.250000 0.900000
vt 0.250000 0.800000
vt 0.250000 0.200000
vt 0.250000 0.100000
vt 0.250000 0.400000
vt 0.250000 0.700000
vt 0.281250 0.000000
vt 0.250000 0.300000
vt 0.281250 1.000000
vt 0.218750 1.000000
vt 0.187500 0.900000
vt 0.187500 0.300000
vt 0.187500 0.200000
vt 0.187500 0.600000
vt 0.187500 0.500000
vt 0.187500 0.800000
vt 0.187500 0.100000
vt 0.187500 0.400000
vt 0.187500 0.700000
vt 0.218750 0.000000
vt 0.125000 0.400000
vt 0.125000 0.300000
vt 0.125000 0.700000
vt 0.125000 0.600000
vt 0.156250 1.000000
vt 0.125000 0.900000
vt 0.125000 0.200000
vt 0.125000 0.500000
vt 0.125000 0.800000
vt 0.125000 0.100000
vt 0.156250 0.000000
vt 0.062500 0.800000
vt 0.062500 0.700000
vt 0.093750 0.000000
vt 0.062500 0.100000
vt 0.062500 0.400000
vt 0.062500 0.300000
vt 0.062500 0.600000
vt 0.093750 1.000000
vt 0.062500 0.900000
vt 0.062500 0.200000
vt 0.062500 0.500000
vt 0.000000 0.500000
vt 0.000000 0.400000
vt 0.000000 0.800000
vt 0.000000 0.700000
vt 0.031250 0.000000
vt 0.000000 0.100000
vt 0.000000 0.300000
vt 0.000000 0.600000
vt 0.031250 1.000000
vt 0.000000 0.900000
vt 0.000000 0.200000
vt 1.000000 0.800000
vt 1.000000 0.900000
vt 0.937500 0.900000
vt 0.937500 0.800000
vt 1.000000 0.100000
vt 1.000000 0.200000
vt 0.937500 0.200000
vt 0.937500 0.100000
vt 1.000000 0.400000
vt 1.000000 0.500000
vt 0.937500 0.500000
vt 0.937500 0.400000
vt 1.000000 0.700000
vt 0.937500 0.700000
vt 0.968750 0.000000
vt 1.000000 0.300000
vt 0.937500 0.300000
vt 1.000000 0.600000
vt 0.937500 0.600000
vt 0.968750 1.000000
vt 0.875000 0.300000
vt 0.875000 0.200000
vt 0.875000 0.600000
vt 0.875000 0.500000
vt 0.875000 0.900000
vt 0.875000 0.800000
vt 0.875000 0.100000
vt 0.875000 0.400000
vt 0.875000 0.700000
vt 0.906250 0.000000
vt 0.906250 1.000000
vt 0.812500 0.700000
vt 0.812500 0.600000
vt 0.843750 1.000000
vt 0.812500 0.900000
vt 0.812500 0.300000
vt 0.812500 0.200000
vt 0.812500 0.500000
vt 0.812500 0.800000
vt 0.812500 0.100000
vt 0.812500 0.400000
vt 0.843750 0.000000
vt 0.781250 1.000000
vt 0.781250 0.000000
s 0
f 719/1042/675 861/1043/675 727/1044/675 728/1045/675
f 860/1046/676 859/1047/676 724/1048/676 725/1049/676
f 722/1050/677 862/1051/677 731/1052/677 732/1053/677
f 720/1054/678 719/1042/678 728/1045/678 729/1055/678
f 718/1056/679 860/1046/679 725/1049/679 726/1057/679
f 723/1058/680 722/1050/680 732/1053/680
f 721/1059/681 720/1054/681 729/1055/681 730/1060/681
f 861/1043/682 718/1056/682 726/1057/682 727/1044/682
f 859/1047/683 717/1061/683 724/1048/683
f 862/1051/684 721/1059/684 730/1060/684 731/1052/684
f 728/1045/685 727/1044/685 736/1062/685 737/1063/685
f 725/1049/686 724/1048/686 733/1064/686 734/1065/686
f 732/1053/687 731/1052/687 740/1066/687 741/1067/687
f 729/1055/688 728/1045/688 737/1063/688 738/1068/688
f 726/1057/689 725/1049/689 734/1065/689 735/1069/689
f 723/1070/690 732/1053/690 741/1067/690
f 730/1060/691 729/1055/691 738/1068/691 739/1071/691
f 727/1044/692 726/1057/692 735/1069/692 736/1062/692
f 724/1048/693 717/1072/693 733/1064/693
f 731/1052/694 730/1060/694 739/1071/694 740/1066/694
f 733/1064/695 717/1073/695 742/1074/695
f 740/1066/696 739/1071/696 748/1075/696 749/1076/696
f 737/1063/697 736/1062/697 745/1077/697 746/1078/697
f 734/1065/698 733/1064/698 742/1074/698 743/1079/698
f 741/1067/699 740/1066/699 749/1076/699 750/1080/699
f 738/1068/700 737/1063/700 746/1078/700 747/1081/700
f 735/1069/701 734/1065/701 743/1079/701 744/1082/701
f 723/1083/702 741/1067/702 750/1080/702
f 739/1071/703 738/1068/703 747/1081/703 748/1075/703
f 736/1062/704 735/1069/704 744/1082/704 745/1077/704
f 745/1077/705 744/1082/705 753/1084/705 754/1085/705
f 742/1074/706 717/1086/706 751/1087/706
f 749/1076/707 748/1075/707 757/1088/707 758/1089/707
f 746/1078/708 745/1077/708 754/1085/708 755/1090/708
f 743/1079/709 742/1074/709 751/1087/709 752/1091/709
f 750/1080/710 749/1076/710 758/1089/710 759/1092/710
f 747/1081/711 746/1078/711 755/1090/711 756/1093/711
f 744/1082/712 743/1079/712 752/1091/712 753/1084/712
f 723/1094/713 750/1080/713 759/1092/713
f 748/1075/714 747/1081/714 756/1093/714 757/1088/714
f 723/1095/715 759/1092/715 768/1096/715
f 757/1088/716 756/1093/716 765/1097/716 766/1098/716
f 754/1085/717 753/1084/717 762/1099/717 763/1100/717
f 751/1087/718 717/1101/718 760/1102/718
f 758/1089/719 757/1088/719 766/1098/719 767/1103/719
f 755/1090/720 754/1085/720 763/1100/720 764/1104/720
f 752/1091/721 751/1087/721 760/1102/721 761/1105/721
f 759/1092/722 758/1089/722 767/1103/722 768/1096/722
f 756/1093/723 755/1090/723 764/1104/723 765/1097/723
f 753/1084/724 752/1091/724 761/1105/724 762/1099/724
f 765/1097/725 764/1104/725 773/1106/725 774/1107/725
f 762/1099/726 761/1105/726 770/1108/726 771/1109/726
f 723/1110/727 768/1096/727 777/1111/727
f 766/1098/728 765/1097/728 774/1107/728 775/1112/728
f 763/1100/729 762/1099/729 771/1109/729 772/1113/729
f 760/1102/730 717/1114/730 769/1115/730
f 767/1103/731 766/1098/731 775/1112/731 776/1116/731
f 764/1104/732 763/1100/732 772/1113/732 773/1106/732
f 761/1105/733 760/1102/733 769/1115/733 770/1108/733
f 768/1096/734 767/1103/734 776/1116/734 777/1111/734
f 770/1108/735 769/1115/735 778/1117/735 779/1118/735
f 777/1111/736 776/1116/736 785/1119/736 786/1120/736
f 774/1107/737 773/1106/737 782/1121/737 783/1122/737
f 771/1109/738 770/1108/738 779/1118/738 780/1123/738
f 723/1124/739 777/1111/739 786/1120/739
f 775/1112/740 774/1107/740 783/1122/740 784/1125/740
f 772/1113/741 771/1109/741 780/1123/741 781/1126/741
f 769/1115/742 717/1127/742 778/1117/742
f 776/1116/743 775/1112/743 784/1125/743 785/1119/743
f 773/1106/744 772/1113/744 781/1126/744 782/1121/744
f 782/1121/745 781/1126/745 790/1128/745 791/1129/745
f 779/1118/746 778/1117/746 787/1130/746 788/1131/746
f 786/1120/747 785/1119/747 794/1132/747 795/1133/747
f 783/1122/748 782/1121/748 791/1129/748 792/1134/748
f 780/1123/749 779/1118/749 788/1131/749 789/1135/749
f 723/1136/750 786/1120/750 795/1133/750
f 784/1125/751 783/1122/751 792/1134/751 793/1137/751
f 781/1126/752 780/1123/752 789/1135/752 790/1128/752
f 778/1117/753 717/1138/753 787/1130/753
f 785/1119/754 784/1125/754 793/1137/754 794/1132/754
f 787/1130/755 717/1139/755 796/1140/755
f 794/1132/756 793/1137/756 802/1141/756 803/1142/756
f 791/1129/757 790/1128/757 799/1143/757 800/1144/757
f 788/1131/758 787/1130/758 796/1140/758 797/1145/758
f 795/1133/759 794/1132/759 803/1142/759 804/1146/759
f 792/1134/760 791/1129/760 800/1144/760 801/1147/760
f 789/1135/761 788/1131/761 797/1145/761 798/1148/761
f 723/1149/762 795/1133/762 804/1146/762
f 793/1137/763 792/1134/763 801/1147/763 802/1141/763
f 790/1128/764 789/1135/764 798/1148/764 799/1143/764
f 802/1141/765 801/1147/765 810/1150/765 811/1151/765
f 799/1143/766 798/1148/766 807/1152/766 808/1153/766
f 796/1140/767 717/1154/767 805/1155/767
f 803/1142/768 802/1141/768 811/1151/768 812/1156/768
f 800/1144/769 799/1143/769 808/1153/769 809/1157/769
f 797/1145/770 796/1140/770 805/1155/770 806/1158/770
f 804/1146/771 803/1142/771 812/1156/771 813/1159/771
f 801/1147/772 800/1144/772 809/1157/772 810/1150/772
f 798/1148/773 797/1145/773 806/1158/773 807/1152/773
f 723/1160/774 804/1146/774 813/1159/774
f 807/1152/775 806/1158/775 815/1161/775 816/1162/775
f 723/1163/776 813/1159/776 822/1164/776
f 811/1151/777 810/1150/777 819/1165/777 820/1166/777
f 808/1153/778 807/1152/778 816/1162/778 817/1167/778
f 805/1155/779 717/1168/779 814/1169/779
f 812/1156/780 811/1151/780 820/1166/780 821/1170/780
f 809/1157/781 808/1153/781 817/1167/781 818/1171/781
f 806/1158/782 805/1155/782 814/1169/782 815/1161/782
f 813/1159/783 812/1156/783 821/1170/783 822/1164/783
f 810/1150/784 809/1157/784 818/1171/784 819/1165/784
f 819/1165/785 818/1171/785 827/1172/785 828/1173/785
f 816/1162/786 815/1161/786 824/1174/786 825/1175/786
f 723/1176/787 822/1164/787 831/1177/787
f 820/1166/788 819/1165/788 828/1173/788 829/1178/788
f 817/1167/789 816/1162/789 825/1175/789 826/1179/789
f 814/1169/790 717/1180/790 823/1181/790
f 821/1170/791 820/1166/791 829/1178/791 830/1182/791
f 818/1171/792 817/1167/792 826/1179/792 827/1172/792
f 815/1161/793 814/1169/793 823/1181/793 824/1174/793
f 822/1164/794 821/1170/794 830/1182/794 831/1177/794
f 824/1183/795 823/1184/795 832/1185/795 833/1186/795
f 831/1187/796 830/1188/796 839/1189/796 840/1190/796
f 828/1191/797 827/1192/797 836/1193/797 837/1194/797
f 825/1195/798 824/1183/798 833/1186/798 834/1196/798
f 723/1197/799 831/1187/799 840/1190/799
f 829/1198/800 828/1191/800 837/1194/800 838/1199/800
f 826/1200/801 825/1195/801 834/1196/801 835/1201/801
f 823/1184/802 717/1202/802 832/1185/802
f 830/1188/803 829/1198/803 838/1199/803 839/1189/803
f 827/1192/804 826/1200/804 835/1201/804 836/1193/804
f 839/1189/805 838/1199/805 847/1203/805 848/1204/805
f 836/1193/806 835/1201/806 844/1205/806 845/1206/806
f 833/1186/807 832/1185/807 841/1207/807 842/1208/807
f 840/1190/808 839/1189/808 848/1204/808 849/1209/808
f 837/1194/809 836/1193/809 845/1206/809 846/1210/809
f 834/1196/810 833/1186/810 842/1208/810 843/1211/810
f 723/1212/811 840/1190/811 849/1209/811
f 838/1199/812 837/1194/812 846/1210/812 847/1203/812
f 835/1201/813 834/1196/813 843/1211/813 844/1205/813
f 832/1185/814 717/1213/814 841/1207/814
f 844/1205/815 843/1211/815 852/1214/815 853/1215/815
f 841/1207/816 717/1216/816 850/1217/816
f 848/1204/817 847/1203/817 856/1218/817 857/1219/817
f 845/1206/818 844/1205/818 853/1215/818 854/1220/818
f 842/1208/819 841/1207/819 850/1217/819 851/1221/819
f 849/1209/820 848/1204/820 857/1219/820 858/1222/820
f 846/1210/821 845/1206/821 854/1220/821 855/1223/821
f 843/1211/822 842/1208/822 851/1221/822 852/1214/822
f 723/1224/823 849/1209/823 858/1222/823
f 847/1203/824 846/1210/824 855/1223/824 856/1218/824
f 856/1218/825 855/1223/825 720/1054/825 721/1059/825
f 853/1215/826 852/1214/826 718/1056/826 861/1043/826
f 850/1217/827 717/1225/827 859/1047/827
f 857/1219/828 856/1218/828 721/1059/828 862/1051/828
f 854/1220/829 853/1215/829 861/1043/829 719/1042/829
f 851/1221/830 850/1217/830 859/1047/830 860/1046/830
f 858/1222/831 857/1219/831 862/1051/831 722/1050/831
f 855/1223/832 854/1220/832 719/1042/832 720/1054/832
f 852/1214/833 851/1221/833 860/1046/833 718/1056/833
f 723/1226/834 858/1222/834 722/1050/834
o leg_-7_5
v 6.799986 -21.560425 8.360067
v 8.200014 -3.360065 8.360065
v 5.124902 -21.431572 7.909904
v 6.524929 -3.231213 7.909902
v 3.898654 -21.337246 6.680035
v 5.298682 -3.136886 6.680032
v 3.449817 -21.302719 5.000001
v 4.849844 -3.102360 4.999999
v 3.898654 -21.337246 3.319968
v 5.298682 -3.136887 3.319965
v 5.124902 -21.431572 2.090099
v 6.524929 -3.231214 2.090096
v 6.799986 -21.560425 1.639935
v 8.200014 -3.360066 1.639932
v 8.475071 -21.689278 2.090099
v 9.875098 -3.488918 2.090096
v 9.701318 -21.783604 3.319968
v 11.101345 -3.583245 3.319965
v 10.150156 -21.818130 5.000001
v 11.550183 -3.617771 4.999999
v 9.701318 -21.783604 6.680035
v 11.101345 -3.583244 6.680032
v 8.475071 -21.689278 7.909904
v 9.875098 -3.488917 7.909902
vn -0.2581 0.0199 0.9659
vn -0.7050 0.0542 0.7071
vn -0.9631 0.0741 0.2588
vn -0.9631 0.0741 -0.2588
vn -0.7050 0.0542 -0.7071
vn -0.2581 0.0199 -0.9659
vn 0.2581 -0.0199 -0.9659
vn 0.7050 -0.0542 -0.7071
vn 0.9631 -0.0741 -0.2588
vn 0.9631 -0.0741 0.2588
vn 0.0767 0.9971 -0.0000
vn 0.7050 -0.0542 0.7071
vn 0.2581 -0.0199 0.9659
vn -0.0767 -0.9971 -0.0000
vt 1.000000 0.500000
vt 1.000000 1.000000
vt 0.916667 1.000000
vt 0.916667 0.500000
vt 0.833333 1.000000
vt 0.833333 0.500000
vt 0.750000 1.000000
vt 0.750000 0.500000
vt 0.666667 1.000000
vt 0.666667 0.500000
vt 0.583333 1.000000
vt 0.583333 0.500000
vt 0.500000 1.000000
vt 0.500000 0.500000
vt 0.416667 1.000000
vt 0.416667 0.500000
vt 0.333333 1.000000
vt 0.333333 0.500000
vt 0.250000 1.000000
vt 0.250000 0.500000
vt 0.166667 1.000000
vt 0.166667 0.500000
vt 0.370000 0.457846
vt 0.250000 0.490000
vt 0.130000 0.457846
vt 0.042154 0.370000
vt 0.010000 0.250000
vt 0.042154 0.130000
vt 0.130000 0.042154
vt 0.250000 0.010000
vt 0.370000 0.042154
vt 0.457846 0.130000
vt 0.490000 0.250000
vt 0.457846 0.370000
vt 0.083333 1.000000
vt 0.083333 0.500000
vt 0.000000 1.000000
vt 0.000000 0.500000
vt 0.750000 0.490000
vt 0.870000 0.457846
vt 0.957846 0.370000
vt 0.990000 0.250000
vt 0.957846 0.130000
vt 0.870000 0.042154
vt 0.750000 0.010000
vt 0.630000 0.042154
vt 0.542154 0.130000
vt 0.510000 0.250000
vt 0.542154 0.370000
vt 0.630000 0.457846
s 0
f 863/1227/835 864/1228/835 866/1229/835 865/1230/835
f 865/1230/836 866/1229/836 868/1231/836 867/1232/836
f 867/1232/837 868/1231/837 870/1233/837 869/1234/837
f 869/1234/838 870/1233/838 872/1235/838 871/1236/838
f 871/1236/839 872/1235/839 874/1237/839 873/1238/839
f 873/1238/840 874/1237/840 876/1239/840 875/1240/840
f 875/1240/841 876/1239/841 878/1241/841 877/1242/841
f 877/1242/842 878/1241/842 880/1243/842 879/1244/842
f 879/1244/843 880/1243/843 882/1245/843 881/1246/843
f 881/1246/844 882/1245/844 884/1247/844 883/1248/844
f 866/1249/845 864/1250/845 886/1251/845 884/1252/845 882/1253/845 880/1254/845 878/1255/845 876/1256/845 874/1257/845 872/1258/845 870/1259/845 868/1260/845
f 883/1248/846 884/1247/846 886/1261/846 885/1262/846
f 885/1262/847 886/1261/847 864/1263/847 863/1264/847
f 863/1265/848 865/1266/848 867/1267/848 869/1268/848 871/1269/848 873/1270/848 875/1271/848 877/1272/848 879/1273/848 881/1274/848 883/1275/848 885/1276/848
o foot_-7_5
v 8.000000 -1.960038 8.500069
v 8.000000 -3.545743 7.057289
v 8.000000 -3.920077 5.000000
v 8.000000 -3.824146 3.918419
v 8.000000 -3.545743 2.942711
v 8.000000 -2.565723 1.671236
v 8.000000 -1.960038 1.499931
v 7.503316 -2.519618 8.328764
v 7.055252 -3.024423 7.831615
v 6.699665 -3.425038 7.057289
v 6.471365 -3.682249 6.081581
v 6.392698 -3.770878 5.000000
v 6.471365 -3.682249 3.918419
v 6.699665 -3.425038 2.942711
v 7.055252 -3.024423 2.168385
v 7.503316 -2.519618 1.671236
v 7.082248 -2.388322 8.328764
v 6.254333 -2.774683 7.831615
v 5.597295 -3.081300 7.057289
v 5.175450 -3.278161 6.081581
v 5.030093 -3.345994 5.000000
v 5.175450 -3.278161 3.918419
v 5.597295 -3.081300 2.942711
v 6.254333 -2.774683 2.168385
v 7.082248 -2.388322 1.671236
v 6.800900 -2.191824 8.328764
v 5.719175 -2.400921 7.831615
v 4.860714 -2.566861 7.057289
v 4.309548 -2.673401 6.081581
v 4.119629 -2.710112 5.000000
v 4.309548 -2.673401 3.918419
v 4.860714 -2.566861 2.942711
v 5.719175 -2.400921 2.168385
v 6.800900 -2.191824 1.671236
v 6.702103 -1.960038 8.328764
v 5.531254 -1.960038 7.831615
v 4.602062 -1.960038 7.057289
v 4.005484 -1.960038 6.081581
v 3.799917 -1.960038 5.000000
v 4.005484 -1.960038 3.918419
v 4.602062 -1.960038 2.942711
v 5.531254 -1.960038 2.168385
v 6.702103 -1.960038 1.671236
v 6.800900 -1.728252 8.328764
v 5.719176 -1.519155 7.831615
v 4.860715 -1.353215 7.057289
v 4.309549 -1.246675 6.081581
v 4.119630 -1.209963 5.000000
v 4.309549 -1.246675 3.918419
v 4.860715 -1.353215 2.942711
v 5.719176 -1.519155 2.168385
v 6.800900 -1.728252 1.671236
v 7.082249 -1.531754 8.328764
v 6.254333 -1.145393 7.831615
v 5.597296 -0.838776 7.057289
v 5.175451 -0.641915 6.081581
v 5.030094 -0.574081 5.000000
v 5.175451 -0.641915 3.918419
v 5.597296 -0.838776 2.942711
v 6.254333 -1.145393 2.168385
v 7.082249 -1.531754 1.671236
v 7.503317 -1.400458 8.328764
v 7.055252 -0.895653 7.831615
v 6.699667 -0.495038 7.057289
v 6.471366 -0.237827 6.081581
v 6.392699 -0.149198 5.000000
v 6.471366 -0.237827 3.918419
v 6.699667 -0.495038 2.942711
v 7.055252 -0.895653 2.168385
v 7.503317 -1.400458 1.671236
v 8.000000 -1.354353 8.328764
v 8.000001 -0.807956 7.831615
v 8.000001 -0.374334 7.057289
v 8.000001 -0.095931 6.081581
v 8.000002 0.000001 5.000000
v 8.000001 -0.095931 3.918419
v 8.000001 -0.374334 2.942711
v 8.000001 -0.807956 2.168385
v 8.000000 -1.354353 1.671236
v 8.496684 -1.400458 8.328764
v 8.944749 -0.895654 7.831615
v 9.300335 -0.495039 7.057289
v 9.528636 -0.237828 6.081581
v 9.607304 -0.149199 5.000000
v 9.528636 -0.237828 3.918419
v 9.300335 -0.495039 2.942711
v 8.944749 -0.895654 2.168385
v 8.496684 -1.400458 1.671236
v 8.917752 -1.531754 8.328764
v 9.745667 -1.145394 7.831615
v 10.402705 -0.838776 7.057289
v 10.824550 -0.641916 6.081581
v 10.969908 -0.574082 5.000000
v 10.824550 -0.641916 3.918419
v 10.402705 -0.838776 2.942711
v 9.745667 -1.145394 2.168385
v 8.917752 -1.531754 1.671236
v 9.199100 -1.728253 8.328764
v 10.280825 -1.519156 7.831615
v 11.139285 -1.353216 7.057289
v 11.690452 -1.246676 6.081581
v 11.880371 -1.209965 5.000000
v 11.690452 -1.246676 3.918419
v 11.139285 -1.353216 2.942711
v 10.280825 -1.519156 2.168385
v 9.199100 -1.728253 1.671236
v 9.297897 -1.960038 8.328764
v 10.468746 -1.960039 7.831615
v 11.397937 -1.960039 7.057289
v 11.994514 -1.960039 6.081581
v 12.200083 -1.960039 5.000000
v 11.994514 -1.960039 3.918419
v 11.397937 -1.960039 2.942711
v 10.468746 -1.960039 2.168385
v 9.297897 -1.960038 1.671236
v 9.199100 -2.191824 8.328764
v 10.280824 -2.400921 7.831615
v 11.139284 -2.566861 7.057289
v 11.690450 -2.673402 6.081581
v 11.880369 -2.710113 5.000000
v 11.690450 -2.673402 3.918419
v 11.139284 -2.566861 2.942711
v 10.280824 -2.400921 2.168385
v 9.199100 -2.191824 1.671236
v 8.917751 -2.388322 8.328764
v 9.745667 -2.774683 7.831615
v 10.402703 -3.081301 7.057289
v 10.824547 -3.278162 6.081581
v 10.969906 -3.345995 5.000000
v 10.824547 -3.278162 3.918419
v 10.402703 -3.081301 2.942711
v 9.745667 -2.774683 2.168385
v 8.917751 -2.388322 1.671236
v 8.496683 -2.519619 8.328764
v 8.944747 -3.024423 7.831615
v 9.300333 -3.425038 7.057289
v 9.528633 -3.682249 6.081581
v 9.607300 -3.770878 5.000000
v 9.528633 -3.682249 3.918419
v 9.300333 -3.425038 2.942711
v 8.944747 -3.024423 2.168385
v 8.496683 -2.519619 1.671236
v 8.000000 -2.565723 8.328764
v 7.999999 -3.112119 7.831615
v 7.999998 -3.824145 6.081581
v 7.999999 -3.112119 2.168385
vn -0.0921 -0.9919 0.0880
vn -0.0623 -0.6717 0.7382
vn -0.0623 -0.6717 -0.7382
vn -0.0921 -0.9919 -0.0880
vn -0.0807 -0.8697 0.4870
vn -0.0253 -0.2721 -0.9619
vn -0.0889 -0.9578 -0.2733
vn -0.0889 -0.9578 0.2733
vn -0.0253 -0.2721 0.9619
vn -0.0807 -0.8697 -0.4870
vn -0.2962 -0.9499 0.0994
vn -0.1871 -0.6000 0.7778
vn -0.1871 -0.6000 -0.7778
vn -0.2962 -0.9499 -0.0994
vn -0.2518 -0.8075 0.5334
vn -0.0725 -0.2325 -0.9699
vn -0.2834 -0.9089 -0.3059
vn -0.2834 -0.9089 0.3059
vn -0.0725 -0.2325 0.9699
vn -0.2518 -0.8075 -0.5334
vn -0.1098 -0.1572 0.9814
vn -0.4448 -0.6369 -0.6297
vn -0.5679 -0.8132 0.1273
vn -0.3047 -0.4363 0.8466
vn -0.3047 -0.4363 -0.8466
vn -0.5679 -0.8132 -0.1273
vn -0.4448 -0.6369 0.6297
vn -0.1098 -0.1572 -0.9814
vn -0.5292 -0.7578 -0.3817
vn -0.5292 -0.7578 0.3817
vn -0.8018 -0.3418 0.4902
vn -0.1306 -0.0557 0.9899
vn -0.6176 -0.2632 -0.7411
vn -0.9062 -0.3862 0.1722
vn -0.3855 -0.1643 0.9079
vn -0.3855 -0.1643 -0.9079
vn -0.9062 -0.3862 -0.1722
vn -0.6176 -0.2632 0.7411
vn -0.1306 -0.0557 -0.9899
vn -0.8018 -0.3418 -0.4902
vn -0.1306 0.0557 -0.9899
vn -0.8018 0.3418 -0.4902
vn -0.8018 0.3418 0.4902
vn -0.1306 0.0557 0.9899
vn -0.6176 0.2632 -0.7411
vn -0.9062 0.3862 0.1722
vn -0.3855 0.1643 0.9079
vn -0.3855 0.1643 -0.9079
vn -0.9062 0.3862 -0.1722
vn -0.6176 0.2632 0.7411
vn -0.5679 0.8132 -0.1273
vn -0.4448 0.6369 0.6297
vn -0.1098 0.1572 -0.9814
vn -0.5292 0.7578 -0.3817
vn -0.5292 0.7578 0.3817
vn -0.1098 0.1572 0.9814
vn -0.4448 0.6369 -0.6297
vn -0.5679 0.8132 0.1273
vn -0.3047 0.4363 0.8466
vn -0.3047 0.4363 -0.8466
vn -0.1871 0.6000 0.7778
vn -0.1871 0.6000 -0.7778
vn -0.2962 0.9499 -0.0994
vn -0.2518 0.8075 0.5334
vn -0.0725 0.2325 -0.9699
vn -0.2834 0.9089 -0.3059
vn -0.2834 0.9089 0.3059
vn -0.0725 0.2325 0.9699
vn -0.2518 0.8075 -0.5334
vn -0.2962 0.9499 0.0994
vn -0.0921 0.9919 0.0880
vn -0.0623 0.6717 0.7382
vn -0.0623 0.6717 -0.7382
vn -0.0921 0.9919 -0.0880
vn -0.0807 0.8697 0.4870
vn -0.0253 0.2721 -0.9619
vn -0.0889 0.9578 -0.2733
vn -0.0889 0.9578 0.2733
vn -0.0253 0.2721 0.9619
vn -0.0807 0.8697 -0.4870
vn 0.0253 0.2721 0.9619
vn 0.0807 0.8697 -0.4870
vn 0.0921 0.9919 0.0880
vn 0.0623 0.6717 0.7382
vn 0.0623 0.6717 -0.7382
vn 0.0921 0.9919 -0.0880
vn 0.0807 0.8697 0.4870
vn 0.0253 0.2721 -0.9619
vn 0.0889 0.9578 -0.2733
vn 0.0889 0.9578 0.2733
vn 0.2834 0.9089 -0.3059
vn 0.2834 0.9089 0.3059
vn 0.0725 0.2325 0.9699
vn 0.2518 0.8075 -0.5334
vn 0.2962 0.9499 0.0994
vn 0.1871 0.6000 0.7778
vn 0.1871 0.6000 -0.7778
vn 0.2962 0.9499 -0.0994
vn 0.2518 0.8075 0.5334
vn 0.0725 0.2325 -0.9699
vn 0.4448 0.6369 0.6297
vn 0.1098 0.1572 -0.9814
vn 0.5292 0.7578 -0.3817
vn 0.5292 0.7578 0.3817
vn 0.1098 0.1572 0.9814
vn 0.4448 0.6369 -0.6297
vn 0.5679 0.8132 0.1273
vn 0.3047 0.4363 0.8466
vn 0.3047 0.4363 -0.8466
vn 0.5679 0.8132 -0.1273
vn 0.9062 0.3862 -0.1722
vn 0.6176 0.2632 0.7411
vn 0.1306 0.0557 -0.9899
vn 0.8018 0.3418 -0.4902
vn 0.8018 0.3418 0.4902
vn 0.1306 0.0557 0.9899
vn 0.6176 0.2632 -0.7411
vn 0.9062 0.3862 0.1722
vn 0.3855 0.1643 0.9079
vn 0.3855 0.1643 -0.9079
vn 0.3855 -0.1643 0.9079
vn 0.3855 -0.1643 -0.9079
vn 0.9062 -0.3862 -0.1722
vn 0.6176 -0.2632 0.7411
vn 0.1306 -0.0557 -0.9899
vn 0.8018 -0.3418 -0.4902
vn 0.8018 -0.3418 0.4902
vn 0.1306 -0.0557 0.9899
vn 0.6176 -0.2632 -0.7411
vn 0.9062 -0.3862 0.1722
vn 0.4448 -0.6369 -0.6297
vn 0.5679 -0.8132 0.1273
vn 0.3047 -0.4363 0.8466
vn 0.3047 -0.4363 -0.8466
vn 0.5679 -0.8132 -0.1273
vn 0.4448 -0.6369 0.6297
vn 0.1098 -0.1572 -0.9814
vn 0.5292 -0.7578 -0.3817
vn 0.5292 -0.7578 0.3817
vn 0.1098 -0.1572 0.9814
vn 0.2834 -0.9089 0.3059
vn 0.0725 -0.2325 0.9699
vn 0.2518 -0.8075 -0.5334
vn 0.2962 -0.9499 0.0994
vn 0.1871 -0.6000 0.7778
vn 0.1871 -0.6000 -0.7778
vn 0.2962 -0.9499 -0.0994
vn 0.2518 -0.8075 0.5334
vn 0.0725 -0.2325 -0.9699
vn 0.2834 -0.9089 -0.3059
vn 0.0889 -0.9578 -0.2733
vn 0.0889 -0.9578 0.2733
vn 0.0253 -0.2721 0.9619
vn 0.0807 -0.8697 -0.4870
vn 0.0921 -0.9919 0.0880
vn 0.0623 -0.6717 0.7382
vn 0.0623 -0.6717 -0.7382
vn 0.0921 -0.9919 -0.0880
vn 0.0807 -0.8697 0.4870
vn 0.0253 -0.2721 -0.9619
vt 0.750000 0.500000
vt 0.750000 0.600000
vt 0.687500 0.600000
vt 0.687500 0.500000
vt 0.750000 0.800000
vt 0.750000 0.900000
vt 0.687500 0.900000
vt 0.687500 0.800000
vt 0.750000 0.100000
vt 0.750000 0.200000
vt 0.687500 0.200000
vt 0.687500 0.100000
vt 0.750000 0.400000
vt 0.687500 0.400000
vt 0.750000 0.700000
vt 0.687500 0.700000
vt 0.718750 0.000000
vt 0.750000 0.300000
vt 0.687500 0.300000
vt 0.718750 1.000000
vt 0.625000 0.600000
vt 0.625000 0.500000
vt 0.625000 0.900000
vt 0.625000 0.800000
vt 0.625000 0.200000
vt 0.625000 0.100000
vt 0.625000 0.400000
vt 0.625000 0.700000
vt 0.656250 0.000000
vt 0.625000 0.300000
vt 0.656250 1.000000
vt 0.593750 1.000000
vt 0.562500 0.900000
vt 0.562500 0.300000
vt 0.562500 0.200000
vt 0.562500 0.600000
vt 0.562500 0.500000
vt 0.562500 0.800000
vt 0.562500 0.100000
vt 0.562500 0.400000
vt 0.562500 0.700000
vt 0.593750 0.000000
vt 0.500000 0.700000
vt 0.500000 0.600000
vt 0.531250 1.000000
vt 0.500000 0.900000
vt 0.500000 0.300000
vt 0.500000 0.200000
vt 0.500000 0.500000
vt 0.500000 0.800000
vt 0.500000 0.100000
vt 0.500000 0.400000
vt 0.531250 0.000000
vt 0.468750 0.000000
vt 0.437500 0.100000
vt 0.437500 0.400000
vt 0.437500 0.300000
vt 0.437500 0.700000
vt 0.437500 0.600000
vt 0.468750 1.000000
vt 0.437500 0.900000
vt 0.437500 0.200000
vt 0.437500 0.500000
vt 0.437500 0.800000
vt 0.375000 0.500000
vt 0.375000 0.400000
vt 0.375000 0.800000
vt 0.375000 0.700000
vt 0.406250 0.000000
vt 0.375000 0.100000
vt 0.375000 0.300000
vt 0.375000 0.600000
vt 0.406250 1.000000
vt 0.375000 0.900000
vt 0.375000 0.200000
vt 0.312500 0.900000
vt 0.312500 0.800000
vt 0.312500 0.200000
vt 0.312500 0.100000
vt 0.312500 0.500000
vt 0.312500 0.400000
vt 0.312500 0.700000
vt 0.343750 0.000000
vt 0.312500 0.300000
vt 0.312500 0.600000
vt 0.343750 1.000000
vt 0.250000 0.600000
vt 0.250000 0.500000
vt 0.250000 0.900000
vt 0.250000 0.800000
vt 0.250000 0.200000
vt 0.250000 0.100000
vt 0.250000 0.400000
vt 0.250000 0.700000
vt 0.281250 0.000000
vt 0.250000 0.300000
vt 0.281250 1.000000
vt 0.218750 1.000000
vt 0.187500 0.900000
vt 0.187500 0.300000
vt 0.187500 0.200000
vt 0.187500 0.600000
vt 0.187500 0.500000
vt 0.187500 0.800000
vt 0.187500 0.100000
vt 0.187500 0.400000
vt 0.187500 0.700000
vt 0.218750 0.000000
vt 0.125000 0.400000
vt 0.125000 0.300000
vt 0.125000 0.700000
vt 0.125000 0.600000
vt 0.156250 1.000000
vt 0.125000 0.900000
vt 0.125000 0.200000
vt 0.125000 0.500000
vt 0.125000 0.800000
vt 0.125000 0.100000
vt 0.156250 0.000000
vt 0.062500 0.800000
vt 0.062500 0.700000
vt 0.093750 0.000000
vt 0.062500 0.100000
vt 0.062500 0.400000
vt 0.062500 0.300000
vt 0.062500 0.600000
vt 0.093750 1.000000
vt 0.062500 0.900000
vt 0.062500 0.200000
vt 0.062500 0.500000
vt 0.000000 0.500000
vt 0.000000 0.400000
vt 0.000000 0.800000
vt 0.000000 0.700000
vt 0.031250 0.000000
vt 0.000000 0.100000
vt 0.000000 0.300000
vt 0.000000 0.600000
vt 0.031250 1.000000
vt 0.000000 0.900000
vt 0.000000 0.200000
vt 1.000000 0.800000
vt 1.000000 0.900000
vt 0.937500 0.900000
vt 0.937500 0.800000
vt 1.000000 0.100000
vt 1.000000 0.200000
vt 0.937500 0.200000
vt 0.937500 0.100000
vt 1.000000 0.400000
vt 1.000000 0.500000
vt 0.937500 0.500000
vt 0.937500 0.400000
vt 1.000000 0.700000
vt 0.937500 0.700000
vt 0.968750 0.000000
vt 1.000000 0.300000
vt 0.937500 0.300000
vt 1.000000 0.600000
vt 0.937500 0.600000
vt 0.968750 1.000000
vt 0.875000 0.300000
vt 0.875000 0.200000
vt 0.875000 0.600000
vt 0.875000 0.500000
vt 0.875000 0.900000
vt 0.875000 0.800000
vt 0.875000 0.100000
vt 0.875000 0.400000
vt 0.875000 0.700000
vt 0.906250 0.000000
vt 0.906250 1.000000
vt 0.812500 0.700000
vt 0.812500 0.600000
vt 0.843750 1.000000
vt 0.812500 0.900000
vt 0.812500 0.300000
vt 0.812500 0.200000
vt 0.812500 0.500000
vt 0.812500 0.800000
vt 0.812500 0.100000
vt 0.812500 0.400000
vt 0.843750 0.000000
vt 0.781250 1.000000
vt 0.781250 0.000000
s 0
f 889/1277/849 1031/1278/849 897/1279/849 898/1280/849
f 1030/1281/850 1029/1282/850 894/1283/850 895/1284/850
f 892/1285/851 1032/1286/851 901/1287/851 902/1288/851
f 890/1289/852 889/1277/852 898/1280/852 899/1290/852
f 888/1291/853 1030/1281/853 895/1284/853 896/1292/853
f 893/1293/854 892/1285/854 902/1288/854
f 891/1294/855 890/1289/855 899/1290/855 900/1295/855
f 1031/1278/856 888/1291/856 896/1292/856 897/1279/856
f 1029/1282/857 887/1296/857 894/1283/857
f 1032/1286/858 891/1294/858 900/1295/858 901/1287/858
f 898/1280/859 897/1279/859 906/1297/859 907/1298/859
f 895/1284/860 894/1283/860 903/1299/860 904/1300/860
f 902/1288/861 901/1287/861 910/1301/861 911/1302/861
f 899/1290/862 898/1280/862 907/1298/862 908/1303/862
f 896/1292/863 895/1284/863 904/1300/863 905/1304/863
f 893/1305/864 902/1288/864 911/1302/864
f 900/1295/865 899/1290/865 908/1303/865 909/1306/865
f 897/1279/866 896/1292/866 905/1304/866 906/1297/866
f 894/1283/867 887/1307/867 903/1299/867
f 901/1287/868 900/1295/868 909/1306/868 910/1301/868
f 903/1299/869 887/1308/869 912/1309/869
f 910/1301/870 909/1306/870 918/1310/870 919/1311/870
f 907/1298/871 906/1297/871 915/1312/871 916/1313/871
f 904/1300/872 903/1299/872 912/1309/872 913/1314/872
f 911/1302/873 910/1301/873 919/1311/873 920/1315/873
f 908/1303/874 907/1298/874 916/1313/874 917/1316/874
f 905/1304/875 904/1300/875 913/1314/875 914/1317/875
f 893/1318/876 911/1302/876 920/1315/876
f 909/1306/877 908/1303/877 917/1316/877 918/1310/877
f 906/1297/878 905/1304/878 914/1317/878 915/1312/878
f 915/1312/879 914/1317/879 923/1319/879 924/1320/879
f 912/1309/880 887/1321/880 921/1322/880
f 919/1311/881 918/1310/881 927/1323/881 928/1324/881
f 916/1313/882 915/1312/882 924/1320/882 925/1325/882
f 913/1314/883 912/1309/883 921/1322/883 922/1326/883
f 920/1315/884 919/1311/884 928/1324/884 929/1327/884
f 917/1316/885 916/1313/885 925/1325/885 926/1328/885
f 914/1317/886 913/1314/886 922/1326/886 923/1319/886
f 893/1329/887 920/1315/887 929/1327/887
f 918/1310/888 917/1316/888 926/1328/888 927/1323/888
f 893/1330/889 929/1327/889 938/1331/889
f 927/1323/890 926/1328/890 935/1332/890 936/1333/890
f 924/1320/891 923/1319/891 932/1334/891 933/1335/891
f 921/1322/892 887/1336/892 930/1337/892
f 928/1324/893 927/1323/893 936/1333/893 937/1338/893
f 925/1325/894 924/1320/894 933/1335/894 934/1339/894
f 922/1326/895 921/1322/895 930/1337/895 931/1340/895
f 929/1327/896 928/1324/896 937/1338/896 938/1331/896
f 926/1328/897 925/1325/897 934/1339/897 935/1332/897
f 923/1319/898 922/1326/898 931/1340/898 932/1334/898
f 935/1332/899 934/1339/899 943/1341/899 944/1342/899
f 932/1334/900 931/1340/900 940/1343/900 941/1344/900
f 893/1345/901 938/1331/901 947/1346/901
f 936/1333/902 935/1332/902 944/1342/902 945/1347/902
f 933/1335/903 932/1334/903 941/1344/903 942/1348/903
f 930/1337/904 887/1349/904 939/1350/904
f 937/1338/905 936/1333/905 945/1347/905 946/1351/905
f 934/1339/906 933/1335/906 942/1348/906 943/1341/906
f 931/1340/907 930/1337/907 939/1350/907 940/1343/907
f 938/1331/908 937/1338/908 946/1351/908 947/1346/908
f 940/1343/909 939/1350/909 948/1352/909 949/1353/909
f 947/1346/910 946/1351/910 955/1354/910 956/1355/910
f 944/1342/911 943/1341/911 952/1356/911 953/1357/911
f 941/1344/912 940/1343/912 949/1353/912 950/1358/912
f 893/1359/913 947/1346/913 956/1355/913
f 945/1347/914 944/1342/914 953/1357/914 954/1360/914
f 942/1348/915 941/1344/915 950/1358/915 951/1361/915
f 939/1350/916 887/1362/916 948/1352/916
f 946/1351/917 945/1347/917 954/1360/917 955/1354/917
f 943/1341/918 942/1348/918 951/1361/918 952/1356/918
f 952/1356/919 951/1361/919 960/1363/919 961/1364/919
f 949/1353/920 948/1352/920 957/1365/920 958/1366/920
f 956/1355/921 955/1354/921 964/1367/921 965/1368/921
f 953/1357/922 952/1356/922 961/1364/922 962/1369/922
f 950/1358/923 949/1353/923 958/1366/923 959/1370/923
f 893/1371/924 956/1355/924 965/1368/924
f 954/1360/925 953/1357/925 962/1369/925 963/1372/925
f 951/1361/926 950/1358/926 959/1370/926 960/1363/926
f 948/1352/927 887/1373/927 957/1365/927
f 955/1354/928 954/1360/928 963/1372/928 964/1367/928
f 957/1365/929 887/1374/929 966/1375/929
f 964/1367/930 963/1372/930 972/1376/930 973/1377/930
f 961/1364/931 960/1363/931 969/1378/931 970/1379/931
f 958/1366/932 957/1365/932 966/1375/932 967/1380/932
f 965/1368/933 964/1367/933 973/1377/933 974/1381/933
f 962/1369/934 961/1364/934 970/1379/934 971/1382/934
f 959/1370/935 958/1366/935 967/1380/935 968/1383/935
f 893/1384/936 965/1368/936 974/1381/936
f 963/1372/937 962/1369/937 971/1382/937 972/1376/937
f 960/1363/938 959/1370/938 968/1383/938 969/1378/938
f 972/1376/939 971/1382/939 980/1385/939 981/1386/939
f 969/1378/940 968/1383/940 977/1387/940 978/1388/940
f 966/1375/941 887/1389/941 975/1390/941
f 973/1377/942 972/1376/942 981/1386/942 982/1391/942
f 970/1379/943 969/1378/943 978/1388/943 979/1392/943
f 967/1380/944 966/1375/944 975/1390/944 976/1393/944
f 974/1381/945 973/1377/945 982/1391/945 983/1394/945
f 971/1382/946 970/1379/946 979/1392/946 980/1385/946
f 968/1383/947 967/1380/947 976/1393/947 977/1387/947
f 893/1395/948 974/1381/948 983/1394/948
f 977/1387/949 976/1393/949 985/1396/949 986/1397/949
f 893/1398/950 983/1394/950 992/1399/950
f 981/1386/951 980/1385/951 989/1400/951 990/1401/951
f 978/1388/952 977/1387/952 986/1397/952 987/1402/952
f 975/1390/953 887/1403/953 984/1404/953
f 982/1391/954 981/1386/954 990/1401/954 991/1405/954
f 979/1392/955 978/1388/955 987/1402/955 988/1406/955
f 976/1393/956 975/1390/956 984/1404/956 985/1396/956
f 983/1394/957 982/1391/957 991/1405/957 992/1399/957
f 980/1385/958 979/1392/958 988/1406/958 989/1400/958
f 989/1400/959 988/1406/959 997/1407/959 998/1408/959
f 986/1397/960 985/1396/960 994/1409/960 995/1410/960
f 893/1411/961 992/1399/961 1001/1412/961
f 990/1401/962 989/1400/962 998/1408/962 999/1413/962
f 987/1402/963 986/1397/963 995/1410/963 996/1414/963
f 984/1404/964 887/1415/964 993/1416/964
f 991/1405/965 990/1401/965 999/1413/965 1000/1417/965
f 988/1406/966 987/1402/966 996/1414/966 997/1407/966
f 985/1396/967 984/1404/967 993/1416/967 994/1409/967
f 992/1399/968 991/1405/968 1000/1417/968 1001/1412/968
f 994/1418/969 993/1419/969 1002/1420/969 1003/1421/969
f 1001/1422/970 1000/1423/970 1009/1424/970 1010/1425/970
f 998/1426/971 997/1427/971 1006/1428/971 1007/1429/971
f 995/1430/972 994/1418/972 1003/1421/972 1004/1431/972
f 893/1432/973 1001/1422/973 1010/1425/973
f 999/1433/974 998/1426/974 1007/1429/974 1008/1434/974
f 996/1435/975 995/1430/975 1004/1431/975 1005/1436/975
f 993/1419/976 887/1437/976 1002/1420/976
f 1000/1423/977 999/1433/977 1008/1434/977 1009/1424/977
f 997/1427/978 996/1435/978 1005/1436/978 1006/1428/978
f 1009/1424/979 1008/1434/979 1017/1438/979 1018/1439/979
f 1006/1428/980 1005/1436/980 1014/1440/980 1015/1441/980
f 1003/1421/981 1002/1420/981 1011/1442/981 1012/1443/981
f 1010/1425/982 1009/1424/982 1018/1439/982 1019/1444/982
f 1007/1429/983 1006/1428/983 1015/1441/983 1016/1445/983
f 1004/1431/984 1003/1421/984 1012/1443/984 1013/1446/984
f 893/1447/985 1010/1425/985 1019/1444/985
f 1008/1434/986 1007/1429/986 1016/1445/986 1017/1438/986
f 1005/1436/987 1004/1431/987 1013/1446/987 1014/1440/987
f 1002/1420/988 887/1448/988 1011/1442/988
f 1014/1440/989 1013/1446/989 1022/1449/989 1023/1450/989
f 1011/1442/990 887/1451/990 1020/1452/990
f 1018/1439/991 1017/1438/991 1026/1453/991 1027/1454/991
f 1015/1441/992 1014/1440/992 1023/1450/992 1024/1455/992
f 1012/1443/993 1011/1442/993 1020/1452/993 1021/1456/993
f 1019/1444/994 1018/1439/994 1027/1454/994 1028/1457/994
f 1016/1445/995 1015/1441/995 1024/1455/995 1025/1458/995
f 1013/1446/996 1012/1443/996 1021/1456/996 1022/1449/996
f 893/1459/997 1019/1444/997 1028/1457/997
f 1017/1438/998 1016/1445/998 1025/1458/998 1026/1453/998
f 1026/1453/999 1025/1458/999 890/1289/999 891/1294/999
f 1023/1450/1000 1022/1449/1000 888/1291/1000 1031/1278/1000
f 1020/1452/1001 887/1460/1001 1029/1282/1001
f 1027/1454/1002 1026/1453/1002 891/1294/1002 1032/1286/1002
f 1024/1455/1003 1023/1450/1003 1031/1278/1003 889/1277/1003
f 1021/1456/1004 1020/1452/1004 1029/1282/1004 1030/1281/1004
f 1028/1457/1005 1027/1454/1005 1032/1286/1005 892/1285/1005
f 1025/1458/1006 1024/1455/1006 889/1277/1006 890/1289/1006
f 1022/1449/1007 1021/1456/1007 1030/1281/1007 888/1291/1007
f 893/1461/1008 1028/1457/1008 892/1285/1008
o leg_7_-5
v -6.799986 -21.560425 -1.639932
v -8.200014 -3.360065 -1.639935
v -8.475071 -21.689278 -2.090096
v -9.875098 -3.488917 -2.090099
v -9.701318 -21.783604 -3.319965
v -11.101345 -3.583244 -3.319968
v -10.150156 -21.818130 -4.999999
v -11.550183 -3.617771 -5.000001
v -9.701318 -21.783604 -6.680032
v -11.101345 -3.583245 -6.680035
v -8.475071 -21.689278 -7.909902
v -9.875098 -3.488918 -7.909904
v -6.799986 -21.560425 -8.360065
v -8.200014 -3.360066 -8.360067
v -5.124902 -21.431572 -7.909902
v -6.524929 -3.231214 -7.909904
v -3.898654 -21.337246 -6.680032
v -5.298682 -3.136887 -6.680035
v -3.449817 -21.302719 -4.999999
v -4.849844 -3.102360 -5.000001
v -3.898654 -21.337246 -3.319965
v -5.298682 -3.136886 -3.319968
v -5.124902 -21.431572 -2.090096
v -6.524929 -3.231213 -2.090099
vn -0.2581 -0.0199 0.9659
vn -0.7050 -0.0542 0.7071
vn -0.9631 -0.0741 0.2588
vn -0.9631 -0.0741 -0.2588
vn -0.7050 -0.0542 -0.7071
vn -0.2581 -0.0199 -0.9659
vn 0.2581 0.0199 -0.9659
vn 0.7050 0.0542 -0.7071
vn 0.9631 0.0741 -0.2588
vn 0.9631 0.0741 0.2588
vn -0.0767 0.9971 -0.0000
vn 0.7050 0.0542 0.7071
vn 0.2581 0.0199 0.9659
vn 0.0767 -0.9971 -0.0000
vt 1.000000 0.500000
vt 1.000000 1.000000
vt 0.916667 1.000000
vt 0.916667 0.500000
vt 0.833333 1.000000
vt 0.833333 0.500000
vt 0.750000 1.000000
vt 0.750000 0.500000
vt 0.666667 1.000000
vt 0.666667 0.500000
vt 0.583333 1.000000
vt 0.583333 0.500000
vt 0.500000 1.000000
vt 0.500000 0.500000
vt 0.416667 1.000000
vt 0.416667 0.500000
vt 0.333333 1.000000
vt 0.333333 0.500000
vt 0.250000 1.000000
vt 0.250000 0.500000
vt 0.166667 1.000000
vt 0.166667 0.500000
vt 0.370000 0.457846
vt 0.250000 0.490000
vt 0.130000 0.457846
vt 0.042154 0.370000
vt 0.010000 0.250000
vt 0.042154 0.130000
vt 0.130000 0.042154
vt 0.250000 0.010000
vt 0.370000 0.042154
vt 0.457846 0.130000
vt 0.490000 0.250000
vt 0.457846 0.370000
vt 0.083333 1.000000
vt 0.083333 0.500000
vt 0.000000 1.000000
vt 0.000000 0.500000
vt 0.750000 0.490000
vt 0.870000 0.457846
vt 0.957846 0.370000
vt 0.990000 0.250000
vt 0.957846 0.130000
vt 0.870000 0.042154
vt 0.750000 0.010000
vt 0.630000 0.042154
vt 0.542154 0.130000
vt 0.510000 0.250000
vt 0.542154 0.370000
vt 0.630000 0.457846
s 0
f 1033/1462/1009 1034/1463/1009 1036/1464/1009 1035/1465/1009
f 1035/1465/1010 1036/1464/1010 1038/1466/1010 1037/1467/1010
f 1037/1467/1011 1038/1466/1011 1040/1468/1011 1039/1469/1011
f 1039/1469/1012 1040/1468/1012 1042/1470/1012 1041/1471/1012
f 1041/1471/1013 1042/1470/1013 1044/1472/1013 1043/1473/1013
f 1043/1473/1014 1044/1472/1014 1046/1474/1014 1045/1475/1014
f 1045/1475/1015 1046/1474/1015 1048/1476/1015 1047/1477/1015
f 1047/1477/1016 1048/1476/1016 1050/1478/1016 1049/1479/1016
f 1049/1479/1017 1050/1478/1017 1052/1480/1017 1051/1481/1017
f 1051/1481/1018 1052/1480/1018 1054/1482/1018 1053/1483/1018
f 1036/1484/1019 1034/1485/1019 1056/1486/1019 1054/1487/1019 1052/1488/1019 1050/1489/1019 1048/1490/1019 1046/1491/1019 1044/1492/1019 1042/1493/1019 1040/1494/1019 1038/1495/1019
f 1053/1483/1020 1054/1482/1020 1056/1496/1020 1055/1497/1020
f 1055/1497/1021 1056/1496/1021 1034/1498/1021 1033/1499/1021
f 1033/1500/1022 1035/1501/1022 1037/1502/1022 1039/1503/1022 1041/1504/1022 1043/1505/1022 1045/1506/1022 1047/1507/1022 1049/1508/1022 1051/1509/1022 1053/1510/1022 1055/1511/1022
o foot_7_-5
v -8.000000 -1.960038 -1.499931
v -8.000000 -3.545743 -2.942711
v -8.000000 -3.920077 -5.000000
v -8.000000 -3.824146 -6.081581
v -8.000000 -3.545743 -7.057289
v -8.000000 -2.565723 -8.328764
v -8.000000 -1.960038 -8.500069
v -8.496684 -2.519618 -1.671236
v -8.944749 -3.024423 -2.168385
v -9.300335 -3.425038 -2.942711
v -9.528635 -3.682249 -3.918419
v -9.607302 -3.770878 -5.000000
v -9.528635 -3.682249 -6.081581
v -9.300335 -3.425038 -7.057289
v -8.944749 -3.024423 -7.831615
v -8.496684 -2.519618 -8.328764
v -8.917752 -2.388322 -1.671236
v -9.745667 -2.774683 -2.168385
v -10.402705 -3.081300 -2.942711
v -10.824550 -3.278161 -3.918419
v -10.969908 -3.345994 -5.000000
v -10.824550 -3.278161 -6.081581
v -10.402705 -3.081300 -7.057289
v -9.745667 -2.774683 -7.831615
v -8.917752 -2.388322 -8.328764
v -9.199100 -2.191824 -1.671236
v -10.280825 -2.400921 -2.168385
v -11.139286 -2.566861 -2.942711
v -11.690452 -2.673401 -3.918419
v -11.880371 -2.710112 -5.000000
v -11.690452 -2.673401 -6.081581
v -11.139286 -2.566861 -7.057289
v -10.280825 -2.400921 -7.831615
v -9.199100 -2.191824 -8.328764
v -9.297897 -1.960038 -1.671236
v -10.468746 -1.960038 -2.168385
v -11.397938 -1.960038 -2.942711
v -11.994516 -1.960038 -3.918419
v -12.200083 -1.960038 -5.000000
v -11.994516 -1.960038 -6.081581
v -11.397938 -1.960038 -7.057289
v -10.468746 -1.960038 -7.831615
v -9.297897 -1.960038 -8.328764
v -9.199100 -1.728252 -1.671236
v -10.280824 -1.519155 -2.168385
v -11.139285 -1.353215 -2.942711
v -11.690451 -1.246675 -3.918419
v -11.880370 -1.209963 -5.000000
v -11.690451 -1.246675 -6.081581
v -11.139285 -1.353215 -7.057289
v -10.280824 -1.519155 -7.831615
v -9.199100 -1.728252 -8.328764
v -8.917751 -1.531754 -1.671236
v -9.745667 -1.145393 -2.168385
v -10.402704 -0.838776 -2.942711
v -10.824549 -0.641915 -3.918419
v -10.969906 -0.574081 -5.000000
v -10.824549 -0.641915 -6.081581
v -10.402704 -0.838776 -7.057289
v -9.745667 -1.145393 -7.831615
v -8.917751 -1.531754 -8.328764
v -8.496683 -1.400458 -1.671236
v -8.944748 -0.895653 -2.168385
v -9.300334 -0.495038 -2.942711
v -9.528634 -0.237827 -3.918419
v -9.607301 -0.149198 -5.000000
v -9.528634 -0.237827 -6.081581
v -9.300334 -0.495038 -7.057289
v -8.944748 -0.895653 -7.831615
v -8.496683 -1.400458 -8.328764
v -8.000000 -1.354353 -1.671236
v -7.999999 -0.807956 -2.168385
v -7.999999 -0.374334 -2.942711
v -7.999999 -0.095931 -3.918419
v -7.999999 0.000001 -5.000000
v -7.999999 -0.095931 -6.081581
v -7.999999 -0.374334 -7.057289
v -7.999999 -0.807956 -7.831615
v -8.000000 -1.354353 -8.328764
v -7.503316 -1.400458 -1.671236
v -7.055251 -0.895654 -2.168385
v -6.699665 -0.495039 -2.942711
v -6.471364 -0.237828 -3.918419
v -6.392696 -0.149199 -5.000000
v -6.471364 -0.237828 -6.081581
v -6.699665 -0.495039 -7.057289
v -7.055251 -0.895654 -7.831615
v -7.503316 -1.400458 -8.328764
v -7.082248 -1.531754 -1.671236
v -6.254333 -1.145394 -2.168385
v -5.597295 -0.838776 -2.942711
v -5.175450 -0.641916 -3.918419
v -5.030092 -0.574082 -5.000000
v -5.175450 -0.641916 -6.081581
v -5.597295 -0.838776 -7.057289
v -6.254333 -1.145394 -7.831615
v -7.082248 -1.531754 -8.328764
v -6.800900 -1.728253 -1.671236
v -5.719175 -1.519156 -2.168385
v -4.860715 -1.353216 -2.942711
v -4.309548 -1.246676 -3.918419
v -4.119629 -1.209965 -5.000000
v -4.309548 -1.246676 -6.081581
v -4.860715 -1.353216 -7.057289
v -5.719175 -1.519156 -7.831615
v -6.800900 -1.728253 -8.328764
v -6.702103 -1.960038 -1.671236
v -5.531254 -1.960039 -2.168385
v -4.602063 -1.960039 -2.942711
v -4.005485 -1.960039 -3.918419
v -3.799917 -1.960039 -5.000000
v -4.005485 -1.960039 -6.081581
v -4.602063 -1.960039 -7.057289
v -5.531254 -1.960039 -7.831615
v -6.702103 -1.960038 -8.328764
v -6.800900 -2.191824 -1.671236
v -5.719176 -2.400921 -2.168385
v -4.860716 -2.566861 -2.942711
v -4.309550 -2.673402 -3.918419
v -4.119630 -2.710113 -5.000000
v -4.309550 -2.673402 -6.081581
v -4.860716 -2.566861 -7.057289
v -5.719176 -2.400921 -7.831615
v -6.800900 -2.191824 -8.328764
v -7.082249 -2.388322 -1.671236
v -6.254334 -2.774683 -2.168385
v -5.597297 -3.081301 -2.942711
v -5.175453 -3.278162 -3.918419
v -5.030095 -3.345995 -5.000000
v -5.175453 -3.278162 -6.081581
v -5.597297 -3.081301 -7.057289
v -6.254334 -2.774683 -7.831615
v -7.082249 -2.388322 -8.328764
v -7.503317 -2.519619 -1.671236
v -7.055253 -3.024423 -2.168385
v -6.699667 -3.425038 -2.942711
v -6.471367 -3.682249 -3.918419
v -6.392700 -3.770878 -5.000000
v -6.471367 -3.682249 -6.081581
v -6.699667 -3.425038 -7.057289
v -7.055253 -3.024423 -7.831615
v -7.503317 -2.519619 -8.328764
v -8.000001 -2.565723 -1.671236
v -8.000001 -3.112119 -2.168385
v -8.000002 -3.824145 -3.918419
v -8.000001 -3.112119 -7.831615
vn -0.0921 -0.9919 0.0880
vn -0.0623 -0.6717 0.7382
vn -0.0623 -0.6717 -0.7382
vn -0.0921 -0.9919 -0.0880
vn -0.0807 -0.8697 0.4870
vn -0.0253 -0.2721 -0.9619
vn -0.0889 -0.9578 -0.2733
vn -0.0889 -0.9578 0.2733
vn -0.0253 -0.2721 0.9619
vn -0.0807 -0.8697 -0.4870
vn -0.2962 -0.9499 0.0994
vn -0.1871 -0.6000 0.7778
vn -0.1871 -0.6000 -0.7778
vn -0.2962 -0.9499 -0.0994
vn -0.2518 -0.8075 0.5334
vn -0.0725 -0.2325 -0.9699
vn -0.2834 -0.9089 -0.3059
vn -0.2834 -0.9089 0.3059
vn -0.0725 -0.2325 0.9699
vn -0.2518 -0.8075 -0.5334
vn -0.1098 -0.1572 0.9814
vn -0.4448 -0.6369 -0.6297
vn -0.5679 -0.8132 0.1273
vn -0.3047 -0.4363 0.8466
vn -0.3047 -0.4363 -0.8466
vn -0.5679 -0.8132 -0.1273
vn -0.4448 -0.6369 0.6297
vn -0.1098 -0.1572 -0.9814
vn -0.5292 -0.7578 -0.3817
vn -0.5292 -0.7578 0.3817
vn -0.8018 -0.3418 0.4902
vn -0.1306 -0.0557 0.9899
vn -0.6176 -0.2632 -0.7411
vn -0.9062 -0.3862 0.1722
vn -0.3855 -0.1643 0.9079
vn -0.3855 -0.1643 -0.9079
vn -0.9062 -0.3862 -0.1722
vn -0.6176 -0.2632 0.7411
vn -0.1306 -0.0557 -0.9899
vn -0.8018 -0.3418 -0.4902
vn -0.1306 0.0557 -0.9899
vn -0.8018 0.3418 -0.4902
vn -0.8018 0.3418 0.4902
vn -0.1306 0.0557 0.9899
vn -0.6176 0.2632 -0.7411
vn -0.9062 0.3862 0.1722
vn -0.3855 0.1643 0.9079
vn -0.3855 0.1643 -0.9079
vn -0.9062 0.3862 -0.1722
vn -0.6176 0.2632 0.7411
vn -0.5679 0.8132 -0.1273
vn -0.4448 0.6369 0.6297
vn -0.1098 0.1572 -0.9814
vn -0.5292 0.7578 -0.3817
vn -0.5292 0.7578 0.3817
vn -0.1098 0.1572 0.9814
vn -0.4448 0.6369 -0.6297
vn -0.5679 0.8132 0.1273
vn -0.3047 0.4363 0.8466
vn -0.3047 0.4363 -0.8466
vn -0.1871 0.6000 0.7778
vn -0.1871 0.6000 -0.7778
vn -0.2962 0.9499 -0.0994
vn -0.2518 0.8075 0.5334
vn -0.0725 0.2325 -0.9699
vn -0.2834 0.9089 -0.3059
vn -0.2834 0.9089 0.3059
vn -0.0725 0.2325 0.9699
vn -0.2518 0.8075 -0.5334
vn -0.2962 0.9499 0.0994
vn -0.0921 0.9919 0.0880
vn -0.0623 0.6717 0.7382
vn -0.0623 0.6717 -0.7382
vn -0.0921 0.9919 -0.0880
vn -0.0807 0.8697 0.4870
vn -0.0253 0.2721 -0.9619
vn -0.0889 0.9578 -0.2733
vn -0.0889 0.9578 0.2733
vn -0.0253 0.2721 0.9619
vn -0.0807 0.8697 -0.4870
vn 0.0253 0.2721 0.9619
vn 0.0807 0.8697 -0.4870
vn 0.0921 0.9919 0.0880
vn 0.0623 0.6717 0.7382
vn 0.0623 0.6717 -0.7382
vn 0.0921 0.9919 -0.0880
vn 0.0807 0.8697 0.4870
vn 0.0253 0.2721 -0.9619
vn 0.0889 0.9578 -0.2733
vn 0.0889 0.9578 0.2733
vn 0.2834 0.9089 -0.3059
vn 0.2834 0.9089 0.3059
vn 0.0725 0.2325 0.9699
vn 0.2518 0.8075 -0.5334
vn 0.2962 0.9499 0.0994
vn 0.1871 0.6000 0.7778
vn 0.1871 0.6000 -0.7778
vn 0.2962 0.9499 -0.0994
vn 0.2518 0.8075 0.5334
vn 0.0725 0.2325 -0.9699
vn 0.4448 0.6369 0.6297
vn 0.1098 0.1572 -0.9814
vn 0.5292 0.7578 -0.3817
vn 0.5292 0.7578 0.3817
vn 0.1098 0.1572 0.9814
vn 0.4448 0.6369 -0.6297
vn 0.5679 0.8132 0.1273
vn 0.3047 0.4363 0.8466
vn 0.3047 0.4363 -0.8466
vn 0.5679 0.8132 -0.1273
vn 0.9062 0.3862 -0.1722
vn 0.6176 0.2632 0.7411
vn 0.1306 0.0557 -0.9899
vn 0.8018 0.3418 -0.4902
vn 0.8018 0.3418 0.4902
vn 0.1306 0.0557 0.9899
vn 0.6176 0.2632 -0.7411
vn 0.9062 0.3862 0.1722
vn 0.3855 0.1643 0.9079
vn 0.3855 0.1643 -0.9079
vn 0.3855 -0.1643 0.9079
vn 0.3855 -0.1643 -0.9079
vn 0.9062 -0.3862 -0.1722
vn 0.6176 -0.2632 0.7411
vn 0.1306 -0.0557 -0.9899
vn 0.8018 -0.3418 -0.4902
vn 0.8018 -0.3418 0.4902
vn 0.1306 -0.0557 0.9899
vn 0.6176 -0.2632 -0.7411
vn 0.9062 -0.3862 0.1722
vn 0.4448 -0.6369 -0.6297
vn 0.5679 -0.8132 0.1273
vn 0.3047 -0.4363 0.8466
vn 0.3047 -0.4363 -0.8466
vn 0.5679 -0.8132 -0.1273
vn 0.4448 -0.6369 0.6297
vn 0.1098 -0.1572 -0.9814
vn 0.5292 -0.7578 -0.3817
vn 0.5292 -0.7578 0.3817
vn 0.1098 -0.1572 0.9814
vn 0.2834 -0.9089 0.3059
vn 0.0725 -0.2325 0.9699
vn 0.2518 -0.8075 -0.5334
vn 0.2962 -0.9499 0.0994
vn 0.1871 -0.6000 0.7778
vn 0.1871 -0.6000 -0.7778
vn 0.2962 -0.9499 -0.0994
vn 0.2518 -0.8075 0.5334
vn 0.0725 -0.2325 -0.9699
vn 0.2834 -0.9089 -0.3059
vn 0.0889 -0.9578 -0.2733
vn 0.0889 -0.9578 0.2733
vn 0.0253 -0.2721 0.9619
vn 0.0807 -0.8697 -0.4870
vn 0.0921 -0.9919 0.0880
vn 0.0623 -0.6717 0.7382
vn 0.0623 -0.6717 -0.7382
vn 0.0921 -0.9919 -0.0880
vn 0.0807 -0.8697 0.4870
vn 0.0253 -0.2721 -0.9619
vt 0.750000 0.500000
vt 0.750000 0.600000
vt 0.687500 0.600000
vt 0.687500 0.500000
vt 0.750000 0.800000
vt 0.750000 0.900000
vt 0.687500 0.900000
vt 0.687500 0.800000
vt 0.750000 0.100000
vt 0.750000 0.200000
vt 0.687500 0.200000
vt 0.687500 0.100000
vt 0.750000 0.400000
vt 0.687500 0.400000
vt 0.750000 0.700000
vt 0.687500 0.700000
vt 0.718750 0.000000
vt 0.750000 0.300000
vt 0.687500 0.300000
vt 0.718750 1.000000
vt 0.625000 0.600000
vt 0.625000 0.500000
vt 0.625000 0.900000
vt 0.625000 0.800000
vt 0.625000 0.200000
vt 0.625000 0.100000
vt 0.625000 0.400000
vt 0.625000 0.700000
vt 0.656250 0.000000
vt 0.625000 0.300000
vt 0.656250 1.000000
vt 0.593750 1.000000
vt 0.562500 0.900000
vt 0.562500 0.300000
vt 0.562500 0.200000
vt 0.562500 0.600000
vt 0.562500 0.500000
vt 0.562500 0.800000
vt 0.562500 0.100000
vt 0.562500 0.400000
vt 0.562500 0.700000
vt 0.593750 0.000000
vt 0.500000 0.700000
vt 0.500000 0.600000
vt 0.531250 1.000000
vt 0.500000 0.900000
vt 0.500000 0.300000
vt 0.500000 0.200000
vt 0.500000 0.500000
vt 0.500000 0.800000
vt 0.500000 0.100000
vt 0.500000 0.400000
vt 0.531250 0.000000
vt 0.468750 0.000000
vt 0.437500 0.100000
vt 0.437500 0.400000
vt 0.437500 0.300000
vt 0.437500 0.700000
vt 0.437500 0.600000
vt 0.468750 1.000000
vt 0.437500 0.900000
vt 0.437500 0.200000
vt 0.437500 0.500000
vt 0.437500 0.800000
vt 0.375000 0.500000
vt 0.375000 0.400000
vt 0.375000 0.800000
vt 0.375000 0.700000
vt 0.406250 0.000000
vt 0.375000 0.100000
vt 0.375000 0.300000
vt 0.375000 0.600000
vt 0.406250 1.000000
vt 0.375000 0.900000
vt 0.375000 0.200000
vt 0.312500 0.900000
vt 0.312500 0.800000
vt 0.312500 0.200000
vt 0.312500 0.100000
vt 0.312500 0.500000
vt 0.312500 0.400000
vt 0.312500 0.700000
vt 0.343750 0.000000
vt 0.312500 0.300000
vt 0.312500 0.600000
vt 0.343750 1.000000
vt 0.250000 0.600000
vt 0.250000 0.500000
vt 0.250000 0.900000
vt 0.250000 0.800000
vt 0.250000 0.200000
vt 0.250000 0.100000
vt 0.250000 0.400000
vt 0.250000 0.700000
vt 0.281250 0.000000
vt 0.250000 0.300000
vt 0.281250 1.000000
vt 0.218750 1.000000
vt 0.187500 0.900000
vt 0.187500 0.300000
vt 0.187500 0.200000
vt 0.187500 0.600000
vt 0.187500 0.500000
vt 0.187500 0.800000
vt 0.187500 0.100000
vt 0.187500 0.400000
vt 0.187500 0.700000
vt 0.218750 0.000000
vt 0.125000 0.400000
vt 0.125000 0.300000
vt 0.125000 0.700000
vt 0.125000 0.600000
vt 0.156250 1.000000
vt 0.125000 0.900000
vt 0.125000 0.200000
vt 0.125000 0.500000
vt 0.125000 0.800000
vt 0.125000 0.100000
vt 0.156250 0.000000
vt 0.062500 0.800000
vt 0.062500 0.700000
vt 0.093750 0.000000
vt 0.062500 0.100000
vt 0.062500 0.400000
vt 0.062500 0.300000
vt 0.062500 0.600000
vt 0.093750 1.000000
vt 0.062500 0.900000
vt 0.062500 0.200000
vt 0.062500 0.500000
vt 0.000000 0.500000
vt 0.000000 0.400000
vt 0.000000 0.800000
vt 0.000000 0.700000
vt 0.031250 0.000000
vt 0.000000 0.100000
vt 0.000000 0.300000
vt 0.000000 0.600000
vt 0.031250 1.000000
vt 0.000000 0.900000
vt 0.000000 0.200000
vt 1.000000 0.800000
vt 1.000000 0.900000
vt 0.937500 0.900000
vt 0.937500 0.800000
vt 1.000000 0.100000
vt 1.000000 0.200000
vt 0.937500 0.200000
vt 0.937500 0.100000
vt 1.000000 0.400000
vt 1.000000 0.500000
vt 0.937500 0.500000
vt 0.937500 0.400000
vt 1.000000 0.700000
vt 0.937500 0.700000
vt 0.968750 0.000000
vt 1.000000 0.300000
vt 0.937500 0.300000
vt 1.000000 0.600000
vt 0.937500 0.600000
vt 0.968750 1.000000
vt 0.875000 0.300000
vt 0.875000 0.200000
vt 0.875000 0.600000
vt 0.875000 0.500000
vt 0.875000 0.900000
vt 0.875000 0.800000
vt 0.875000 0.100000
vt 0.875000 0.400000
vt 0.875000 0.700000
vt 0.906250 0.000000
vt 0.906250 1.000000
vt 0.812500 0.700000
vt 0.812500 0.600000
vt 0.843750 1.000000
vt 0.812500 0.900000
vt 0.812500 0.300000
vt 0.812500 0.200000
vt 0.812500 0.500000
vt 0.812500 0.800000
vt 0.812500 0.100000
vt 0.812500 0.400000
vt 0.843750 0.000000
vt 0.781250 1.000000
vt 0.781250 0.000000
s 0
f 1059/1512/1023 1201/1513/1023 1067/1514/1023 1068/1515/1023
f 1200/1516/1024 1199/1517/1024 1064/1518/1024 1065/1519/1024
f 1062/1520/1025 1202/1521/1025 1071/1522/1025 1072/1523/1025
f 1060/1524/1026 1059/1512/1026 1068/1515/1026 1069/1525/1026
f 1058/1526/1027 1200/1516/1027 1065/1519/1027 1066/1527/1027
f 1063/1528/1028 1062/1520/1028 1072/1523/1028
f 1061/1529/1029 1060/1524/1029 1069/1525/1029 1070/1530/1029
f 1201/1513/1030 1058/1526/1030 1066/1527/1030 1067/1514/1030
f 1199/1517/1031 1057/1531/1031 1064/1518/1031
f 1202/1521/1032 1061/1529/1032 1070/1530/1032 1071/1522/1032
f 1068/1515/1033 1067/1514/1033 1076/1532/1033 1077/1533/1033
f 1065/1519/1034 1064/1518/1034 1073/1534/1034 1074/1535/1034
f 1072/1523/1035 1071/1522/1035 1080/1536/1035 1081/1537/1035
f 1069/1525/1036 1068/1515/1036 1077/1533/1036 1078/1538/1036
f 1066/1527/1037 1065/1519/1037 1074/1535/1037 1075/1539/1037
f 1063/1540/1038 1072/1523/1038 1081/1537/1038
f 1070/1530/1039 1069/1525/1039 1078/1538/1039 1079/1541/1039
f 1067/1514/1040 1066/1527/1040 1075/1539/1040 1076/1532/1040
f 1064/1518/1041 1057/1542/1041 1073/1534/1041
f 1071/1522/1042 1070/1530/1042 1079/1541/1042 1080/1536/1042
f 1073/1534/1043 1057/1543/1043 1082/1544/1043
f 1080/1536/1044 1079/1541/1044 1088/1545/1044 1089/1546/1044
f 1077/1533/1045 1076/1532/1045 1085/1547/1045 1086/1548/1045
f 1074/1535/1046 1073/1534/1046 1082/1544/1046 1083/1549/1046
f 1081/1537/1047 1080/1536/1047 1089/1546/1047 1090/1550/1047
f 1078/1538/1048 1077/1533/1048 1086/1548/1048 1087/1551/1048
f 1075/1539/1049 1074/1535/1049 1083/1549/1049 1084/1552/1049
f 1063/1553/1050 1081/1537/1050 1090/1550/1050
f 1079/1541/1051 1078/1538/1051 1087/1551/1051 1088/1545/1051
f 1076/1532/1052 1075/1539/1052 1084/1552/1052 1085/1547/1052
f 1085/1547/1053 1084/1552/1053 1093/1554/1053 1094/1555/1053
f 1082/1544/1054 1057/1556/1054 1091/1557/1054
f 1089/1546/1055 1088/1545/1055 1097/1558/1055 1098/1559/1055
f 1086/1548/1056 1085/1547/1056 1094/1555/1056 1095/1560/1056
f 1083/1549/1057 1082/1544/1057 1091/1557/1057 1092/1561/1057
f 1090/1550/1058 1089/1546/1058 1098/1559/1058 1099/1562/1058
f 1087/1551/1059 1086/1548/1059 1095/1560/1059 1096/1563/1059
f 1084/1552/1060 1083/1549/1060 1092/1561/1060 1093/1554/1060
f 1063/1564/1061 1090/1550/1061 1099/1562/1061
f 1088/1545/1062 1087/1551/1062 1096/1563/1062 1097/1558/1062
f 1063/1565/1063 1099/1562/1063 1108/1566/1063
f 1097/1558/1064 1096/1563/1064 1105/1567/1064 1106/1568/1064
f 1094/1555/1065 1093/1554/1065 1102/1569/1065 1103/1570/1065
f 1091/1557/1066 1057/1571/1066 1100/1572/1066
f 1098/1559/1067 1097/1558/1067 1106/1568/1067 1107/1573/1067
f 1095/1560/1068 1094/1555/1068 1103/1570/1068 1104/1574/1068
f 1092/1561/1069 1091/1557/1069 1100/1572/1069 1101/1575/1069
f 1099/1562/1070 1098/1559/1070 1107/1573/1070 1108/1566/1070
f 1096/1563/1071 1095/1560/1071 1104/1574/1071 1105/1567/1071
f 1093/1554/1072 1092/1561/1072 1101/1575/1072 1102/1569/1072
f 1105/1567/1073 1104/1574/1073 1113/1576/1073 1114/1577/1073
f 1102/1569/1074 1101/1575/1074 1110/1578/1074 1111/1579/1074
f 1063/1580/1075 1108/1566/1075 1117/1581/1075
f 1106/1568/1076 1105/1567/1076 1114/1577/1076 1115/1582/1076
f 1103/1570/1077 1102/1569/1077 1111/1579/1077 1112/1583/1077
f 1100/1572/1078 1057/1584/1078 1109/1585/1078
f 1107/1573/1079 1106/1568/1079 1115/1582/1079 1116/1586/1079
f 1104/1574/1080 1103/1570/1080 1112/1583/1080 1113/1576/1080
f 1101/1575/1081 1100/1572/1081 1109/1585/1081 1110/1578/1081
f 1108/1566/1082 1107/1573/1082 1116/1586/1082 1117/1581/1082
f 1110/1578/1083 1109/1585/1083 1118/1587/1083 1119/1588/1083
f 1117/1581/1084 1116/1586/1084 1125/1589/1084 1126/1590/1084
f 1114/1577/1085 1113/1576/1085 1122/1591/1085 1123/1592/1085
f 1111/1579/1086 1110/1578/1086 1119/1588/1086 1120/1593/1086
f 1063/1594/1087 1117/1581/1087 1126/1590/1087
f 1115/1582/1088 1114/1577/1088 1123/1592/1088 1124/1595/1088
f 1112/1583/1089 1111/1579/1089 1120/1593/1089 1121/1596/1089
f 1109/1585/1090 1057/1597/1090 1118/1587/1090
f 1116/1586/1091 1115/1582/1091 1124/1595/1091 1125/1589/1091
f 1113/1576/1092 1112/1583/1092 1121/1596/1092 1122/1591/1092
f 1122/1591/1093 1121/1596/1093 1130/1598/1093 1131/1599/1093
f 1119/1588/1094 1118/1587/1094 1127/1600/1094 1128/1601/1094
f 1126/1590/1095 1125/1589/1095 1134/1602/1095 1135/1603/1095
f 1123/1592/1096 1122/1591/1096 1131/1599/1096 1132/1604/1096
f 1120/1593/1097 1119/1588/1097 1128/1601/1097 1129/1605/1097
f 1063/1606/1098 1126/1590/1098 1135/1603/1098
f 1124/1595/1099 1123/1592/1099 1132/1604/1099 1133/1607/1099
f 1121/1596/1100 1120/1593/1100 1129/1605/1100 1130/1598/1100
f 1118/1587/1101 1057/1608/1101 1127/1600/1101
f 1125/1589/1102 1124/1595/1102 1133/1607/1102 1134/1602/1102
f 1127/1600/1103 1057/1609/1103 1136/1610/1103
f 1134/1602/1104 1133/1607/1104 1142/1611/1104 1143/1612/1104
f 1131/1599/1105 1130/1598/1105 1139/1613/1105 1140/1614/1105
f 1128/1601/1106 1127/1600/1106 1136/1610/1106 1137/1615/1106
f 1135/1603/1107 1134/1602/1107 1143/1612/1107 1144/1616/1107
f 1132/1604/1108 1131/1599/1108 1140/1614/1108 1141/1617/1108
f 1129/1605/1109 1128/1601/1109 1137/1615/1109 1138/1618/1109
f 1063/1619/1110 1135/1603/1110 1144/1616/1110
f 1133/1607/1111 1132/1604/1111 1141/1617/1111 1142/1611/1111
f 1130/1598/1112 1129/1605/1112 1138/1618/1112 1139/1613/1112
f 1142/1611/1113 1141/1617/1113 1150/1620/1113 1151/1621/1113
f 1139/1613/1114 1138/1618/1114 1147/1622/1114 1148/1623/1114
f 1136/1610/1115 1057/1624/1115 1145/1625/1115
f 1143/1612/1116 1142/1611/1116 1151/1621/1116 1152/1626/1116
f 1140/1614/1117 1139/1613/1117 1148/1623/1117 1149/1627/1117
f 1137/1615/1118 1136/1610/1118 1145/1625/1118 1146/1628/1118
f 1144/1616/1119 1143/1612/1119 1152/1626/1119 1153/1629/1119
f 1141/1617/1120 1140/1614/1120 1149/1627/1120 1150/1620/1120
f 1138/1618/1121 1137/1615/1121 1146/1628/1121 1147/1622/1121
f 1063/1630/1122 1144/1616/1122 1153/1629/1122
f 1147/1622/1123 1146/1628/1123 1155/1631/1123 1156/1632/1123
f 1063/1633/1124 1153/1629/1124 1162/1634/1124
f 1151/1621/1125 1150/1620/1125 1159/1635/1125 1160/1636/1125
f 1148/1623/1126 1147/1622/1126 1156/1632/1126 1157/1637/1126
f 1145/1625/1127 1057/1638/1127 1154/1639/1127
f 1152/1626/1128 1151/1621/1128 1160/1636/1128 1161/1640/1128
f 1149/1627/1129 1148/1623/1129 1157/1637/1129 1158/1641/1129
f 1146/1628/1130 1145/1625/1130 1154/1639/1130 1155/1631/1130
f 1153/1629/1131 1152/1626/1131 1161/1640/1131 1162/1634/1131
f 1150/1620/1132 1149/1627/1132 1158/1641/1132 1159/1635/1132
f 1159/1635/1133 1158/1641/1133 1167/1642/1133 1168/1643/1133
f 1156/1632/1134 1155/1631/1134 1164/1644/1134 1165/1645/1134
f 1063/1646/1135 1162/1634/1135 1171/1647/1135
f 1160/1636/1136 1159/1635/1136 1168/1643/1136 1169/1648/1136
f 1157/1637/1137 1156/1632/1137 1165/1645/1137 1166/1649/1137
f 1154/1639/1138 1057/1650/1138 1163/1651/1138
f 1161/1640/1139 1160/1636/1139 1169/1648/1139 1170/1652/1139
f 1158/1641/1140 1157/1637/1140 1166/1649/1140 1167/1642/1140
f 1155/1631/1141 1154/1639/1141 1163/1651/1141 1164/1644/1141
f 1162/1634/1142 1161/1640/1142 1170/1652/1142 1171/1647/1142
f 1164/1653/1143 1163/1654/1143 1172/1655/1143 1173/1656/1143
f 1171/1657/1144 1170/1658/1144 1179/1659/1144 1180/1660/1144
f 1168/1661/1145 1167/1662/1145 1176/1663/1145 1177/1664/1145
f 1165/1665/1146 1164/1653/1146 1173/1656/1146 1174/1666/1146
f 1063/1667/1147 1171/1657/1147 1180/1660/1147
f 1169/1668/1148 1168/1661/1148 1177/1664/1148 1178/1669/1148
f 1166/1670/1149 1165/1665/1149 1174/1666/1149 1175/1671/1149
f 1163/1654/1150 1057/1672/1150 1172/1655/1150
f 1170/1658/1151 1169/1668/1151 1178/1669/1151 1179/1659/1151
f 1167/1662/1152 1166/1670/1152 1175/1671/1152 1176/1663/1152
f 1179/1659/1153 1178/1669/1153 1187/1673/1153 1188/1674/1153
f 1176/1663/1154 1175/1671/1154 1184/1675/1154 1185/1676/1154
f 1173/1656/1155 1172/1655/1155 1181/1677/1155 1182/1678/1155
f 1180/1660/1156 1179/1659/1156 1188/1674/1156 1189/1679/1156
f 1177/1664/1157 1176/1663/1157 1185/1676/1157 1186/1680/1157
f 1174/1666/1158 1173/1656/1158 1182/1678/1158 1183/1681/1158
f 1063/1682/1159 1180/1660/1159 1189/1679/1159
f 1178/1669/1160 1177/1664/1160 1186/1680/1160 1187/1673/1160
f 1175/1671/1161 1174/1666/1161 1183/1681/1161 1184/1675/1161
f 1172/1655/1162 1057/1683/1162 1181/1677/1162
f 1184/1675/1163 1183/1681/1163 1192/1684/1163 1193/1685/1163
f 1181/1677/1164 1057/1686/1164 1190/1687/1164
f 1188/1674/1165 1187/1673/1165 1196/1688/1165 1197/1689/1165
f 1185/1676/1166 1184/1675/1166 1193/1685/1166 1194/1690/1166
f 1182/1678/1167 1181/1677/1167 1190/1687/1167 1191/1691/1167
f 1189/1679/1168 1188/1674/1168 1197/1689/1168 1198/1692/1168
f 1186/1680/1169 1185/1676/1169 1194/1690/1169 1195/1693/1169
f 1183/1681/1170 1182/1678/1170 1191/1691/1170 1192/1684/1170
f 1063/1694/1171 1189/1679/1171 1198/1692/1171
f 1187/1673/1172 1186/1680/1172 1195/1693/1172 1196/1688/1172
f 1196/1688/1173 1195/1693/1173 1060/1524/1173 1061/1529/1173
f 1193/1685/1174 1192/1684/1174 1058/1526/1174 1201/1513/1174
f 1190/1687/1175 1057/1695/1175 1199/1517/1175
f 1197/1689/1176 1196/1688/1176 1061/1529/1176 1202/1521/1176
f 1194/1690/1177 1193/1685/1177 1201/1513/1177 1059/1512/1177
f 1191/1691/1178 1190/1687/1178 1199/1517/1178 1200/1516/1178
f 1198/1692/1179 1197/1689/1179 1202/1521/1179 1062/1520/1179
f 1195/1693/1180 1194/1690/1180 1059/1512/1180 1060/1524/1180
f 1192/1684/1181 1191/1691/1181 1200/1516/1181 1058/1526/1181
f 1063/1696/1182 1198/1692/1182 1062/1520/1182
o leg_7_5
v -6.799986 -21.560425 8.360067
v -8.200014 -3.360065 8.360065
v -8.475071 -21.689278 7.909904
v -9.875098 -3.488917 7.909902
v -9.701318 -21.783604 6.680035
v -11.101345 -3.583244 6.680032
v -10.150156 -21.818130 5.000001
v -11.550183 -3.617771 4.999999
v -9.701318 -21.783604 3.319968
v -11.101345 -3.583245 3.319965
v -8.475071 -21.689278 2.090099
v -9.875098 -3.488918 2.090096
v -6.799986 -21.560425 1.639935
v -8.200014 -3.360066 1.639932
v -5.124902 -21.431572 2.090099
v -6.524929 -3.231214 2.090096
v -3.898654 -21.337246 3.319968
v -5.298682 -3.136887 3.319965
v -3.449817 -21.302719 5.000001
v -4.849844 -3.102360 4.999999
v -3.898654 -21.337246 6.680035
v -5.298682 -3.136886 6.680032
v -5.124902 -21.431572 7.909904
v -6.524929 -3.231213 7.909902
vn -0.2581 -0.0199 0.9659
vn -0.7050 -0.0542 0.7071
vn -0.9631 -0.0741 0.2588
vn -0.9631 -0.0741 -0.2588
vn -0.7050 -0.0542 -0.7071
vn -0.2581 -0.0199 -0.9659
vn 0.2581 0.0199 -0.9659
vn 0.7050 0.0542 -0.7071
vn 0.9631 0.0741 -0.2588
vn 0.9631 0.0741 0.2588
vn -0.0767 0.9971 -0.0000
vn 0.7050 0.0542 0.7071
vn 0.2581 0.0199 0.9659
vn 0.0767 -0.9971 -0.0000
vt 1.000000 0.500000
vt 1.000000 1.000000
vt 0.916667 1.000000
vt 0.916667 0.500000
vt 0.833333 1.000000
vt 0.833333 0.500000
vt 0.750000 1.000000
vt 0.750000 0.500000
vt 0.666667 1.000000
vt 0.666667 0.500000
vt 0.583333 1.000000
vt 0.583333 0.500000
vt 0.500000 1.000000
vt 0.500000 0.500000
vt 0.416667 1.000000
vt 0.416667 0.500000
vt 0.333333 1.000000
vt 0.333333 0.500000
vt 0.250000 1.000000
vt 0.250000 0.500000
vt 0.166667 1.000000
vt 0.166667 0.500000
vt 0.370000 0.457846
vt 0.250000 0.490000
vt 0.130000 0.457846
vt 0.042154 0.370000
vt 0.010000 0.250000
vt 0.042154 0.130000
vt 0.130000 0.042154
vt 0.250000 0.010000
vt 0.370000 0.042154
vt 0.457846 0.130000
vt 0.490000 0.250000
vt 0.457846 0.370000
vt 0.083333 1.000000
vt 0.083333 0.500000
vt 0.000000 1.000000
vt 0.000000 0.500000
vt 0.750000 0.490000
vt 0.870000 0.457846
vt 0.957846 0.370000
vt 0.990000 0.250000
vt 0.957846 0.130000
vt 0.870000 0.042154
vt 0.750000 0.010000
vt 0.630000 0.042154
vt 0.542154 0.130000
vt 0.510000 0.250000
vt 0.542154 0.370000
vt 0.630000 0.457846
s 0
f 1203/1697/1183 1204/1698/1183 1206/1699/1183 1205/1700/1183
f 1205/1700/1184 1206/1699/1184 1208/1701/1184 1207/1702/1184
f 1207/1702/1185 1208/1701/1185 1210/1703/1185 1209/1704/1185
f 1209/1704/1186 1210/1703/1186 1212/1705/1186 1211/1706/1186
f 1211/1706/1187 1212/1705/1187 1214/1707/1187 1213/1708/1187
f 1213/1708/1188 1214/1707/1188 1216/1709/1188 1215/1710/1188
f 1215/1710/1189 1216/1709/1189 1218/1711/1189 1217/1712/1189
f 1217/1712/1190 1218/1711/1190 1220/1713/1190 1219/1714/1190
f 1219/1714/1191 1220/1713/1191 1222/1715/1191 1221/1716/1191
f 1221/1716/1192 1222/1715/1192 1224/1717/1192 1223/1718/1192
f 1206/1719/1193 1204/1720/1193 1226/1721/1193 1224/1722/1193 1222/1723/1193 1220/1724/1193 1218/1725/1193 1216/1726/1193 1214/1727/1193 1212/1728/1193 1210/1729/1193 1208/1730/1193
f 1223/1718/1194 1224/1717/1194 1226/1731/1194 1225/1732/1194
f 1225/1732/1195 1226/1731/1195 1204/1733/1195 1203/1734/1195
f 1203/1735/1196 1205/1736/1196 1207/1737/1196 1209/1738/1196 1211/1739/1196 1213/1740/1196 1215/1741/1196 1217/1742/1196 1219/1743/1196 1221/1744/1196 1223/1745/1196 1225/1746/1196
o foot_7_5
v -8.000000 -1.960038 8.500069
v -8.000000 -3.545743 7.057289
v -8.000000 -3.920077 5.000000
v -8.000000 -3.824146 3.918419
v -8.000000 -3.545743 2.942711
v -8.000000 -2.565723 1.671236
v -8.000000 -1.960038 1.499931
v -8.496684 -2.519618 8.328764
v -8.944749 -3.024423 7.831615
v -9.300335 -3.425038 7.057289
v -9.528635 -3.682249 6.081581
v -9.607302 -3.770878 5.000000
v -9.528635 -3.682249 3.918419
v -9.300335 -3.425038 2.942711
v -8.944749 -3.024423 2.168385
v -8.496684 -2.519618 1.671236
v -8.917752 -2.388322 8.328764
v -9.745667 -2.774683 7.831615
v -10.402705 -3.081300 7.057289
v -10.824550 -3.278161 6.081581
v -10.969908 -3.345994 5.000000
v -10.824550 -3.278161 3.918419
v -10.402705 -3.081300 2.942711
v -9.745667 -2.774683 2.168385
v -8.917752 -2.388322 1.671236
v -9.199100 -2.191824 8.328764
v -10.280825 -2.400921 7.831615
v -11.139286 -2.566861 7.057289
v -11.690452 -2.673401 6.081581
v -11.880371 -2.710112 5.000000
v -11.690452 -2.673401 3.918419
v -11.139286 -2.566861 2.942711
v -10.280825 -2.400921 2.168385
v -9.199100 -2.191824 1.671236
v -9.297897 -1.960038 8.328764
v -10.468746 -1.960038 7.831615
v -11.397938 -1.960038 7.057289
v -11.994516 -1.960038 6.081581
v -12.200083 -1.960038 5.000000
v -11.994516 -1.960038 3.918419
v -11.397938 -1.960038 2.942711
v -10.468746 -1.960038 2.168385
v -9.297897 -1.960038 1.671236
v -9.199100 -1.728252 8.328764
v -10.280824 -1.519155 7.831615
v -11.139285 -1.353215 7.057289
v -11.690451 -1.246675 6.081581
v -11.880370 -1.209963 5.000000
v -11.690451 -1.246675 3.918419
v -11.139285 -1.353215 2.942711
v -10.280824 -1.519155 2.168385
v -9.199100 -1.728252 1.671236
v -8.917751 -1.531754 8.328764
v -9.745667 -1.145393 7.831615
v -10.402704 -0.838776 7.057289
v -10.824549 -0.641915 6.081581
v -10.969906 -0.574081 5.000000
v -10.824549 -0.641915 3.918419
v -10.402704 -0.838776 2.942711
v -9.745667 -1.145393 2.168385
v -8.917751 -1.531754 1.671236
v -8.496683 -1.400458 8.328764
v -8.944748 -0.895653 7.831615
v -9.300334 -0.495038 7.057289
v -9.528634 -0.237827 6.081581
v -9.607301 -0.149198 5.000000
v -9.528634 -0.237827 3.918419
v -9.300334 -0.495038 2.942711
v -8.944748 -0.895653 2.168385
v -8.496683 -1.400458 1.671236
v -8.000000 -1.354353 8.328764
v -7.999999 -0.807956 7.831615
v -7.999999 -0.374334 7.057289
v -7.999999 -0.095931 6.081581
v -7.999999 0.000001 5.000000
v -7.999999 -0.095931 3.918419
v -7.999999 -0.374334 2.942711
v -7.999999 -0.807956 2.168385
v -8.000000 -1.354353 1.671236
v -7.503316 -1.400458 8.328764
v -7.055251 -0.895654 7.831615
v -6.699665 -0.495039 7.057289
v -6.471364 -0.237828 6.081581
v -6.392696 -0.149199 5.000000
v -6.471364 -0.237828 3.918419
v -6.699665 -0.495039 2.942711
v -7.055251 -0.895654 2.168385
v -7.503316 -1.400458 1.671236
v -7.082248 -1.531754 8.328764
v -6.254333 -1.145394 7.831615
v -5.597295 -0.838776 7.057289
v -5.175450 -0.641916 6.081581
v -5.030092 -0.574082 5.000000
v -5.175450 -0.641916 3.918419
v -5.597295 -0.838776 2.942711
v -6.254333 -1.145394 2.168385
v -7.082248 -1.531754 1.671236
v -6.800900 -1.728253 8.328764
v -5.719175 -1.519156 7.831615
v -4.860715 -1.353216 7.057289
v -4.309548 -1.246676 6.081581
v -4.119629 -1.209965 5.000000
v -4.309548 -1.246676 3.918419
v -4.860715 -1.353216 2.942711
v -5.719175 -1.519156 2.168385
v -6.800900 -1.728253 1.671236
v -6.702103 -1.960038 8.328764
v -5.531254 -1.960039 7.831615
v -4.602063 -1.960039 7.057289
v -4.005485 -1.960039 6.081581
v -3.799917 -1.960039 5.000000
v -4.005485 -1.960039 3.918419
v -4.602063 -1.960039 2.942711
v -5.531254 -1.960039 2.168385
v -6.702103 -1.960038 1.671236
v -6.800900 -2.191824 8.328764
v -5.719176 -2.400921 7.831615
v -4.860716 -2.566861 7.057289
v -4.309550 -2.673402 6.081581
v -4.119630 -2.710113 5.000000
v -4.309550 -2.673402 3.918419
v -4.860716 -2.566861 2.942711
v -5.719176 -2.400921 2.168385
v -6.800900 -2.191824 1.671236
v -7.082249 -2.388322 8.328764
v -6.254334 -2.774683 7.831615
v -5.597297 -3.081301 7.057289
v -5.175453 -3.278162 6.081581
v -5.030095 -3.345995 5.000000
v -5.175453 -3.278162 3.918419
v -5.597297 -3.081301 2.942711
v -6.254334 -2.774683 2.168385
v -7.082249 -2.388322 1.671236
v -7.503317 -2.519619 8.328764
v -7.055253 -3.024423 7.831615
v -6.699667 -3.425038 7.057289
v -6.471367 -3.682249 6.081581
v -6.392700 -3.770878 5.000000
v -6.471367 -3.682249 3.918419
v -6.699667 -3.425038 2.942711
v -7.055253 -3.024423 2.168385
v -7.503317 -2.519619 1.671236
v -8.000001 -2.565723 8.328764
v -8.000001 -3.112119 7.831615
v -8.000002 -3.824145 6.081581
v -8.000001 -3.112119 2.168385
vn -0.0921 -0.9919 0.0880
vn -0.0623 -0.6717 0.7382
vn -0.0623 -0.6717 -0.7382
vn -0.0921 -0.9919 -0.0880
vn -0.0807 -0.8697 0.4870
vn -0.0253 -0.2721 -0.9619
vn -0.0889 -0.9578 -0.2733
vn -0.0889 -0.9578 0.2733
vn -0.0253 -0.2721 0.9619
vn -0.0807 -0.8697 -0.4870
vn -0.2962 -0.9499 0.0994
vn -0.1871 -0.6000 0.7778
vn -0.1871 -0.6000 -0.7778
vn -0.2962 -0.9499 -0.0994
vn -0.2518 -0.8075 0.5334
vn -0.0725 -0.2325 -0.9699
vn -0.2834 -0.9089 -0.3059
vn -0.2834 -0.9089 0.3059
vn -0.0725 -0.2325 0.9699
vn -0.2518 -0.8075 -0.5334
vn -0.1098 -0.1572 0.9814
vn -0.4448 -0.6369 -0.6297
vn -0.5679 -0.8132 0.1273
vn -0.3047 -0.4363 0.8466
vn -0.3047 -0.4363 -0.8466
vn -0.5679 -0.8132 -0.1273
vn -0.4448 -0.6369 0.6297
vn -0.1098 -0.1572 -0.9814
vn -0.5292 -0.7578 -0.3817
vn -0.5292 -0.7578 0.3817
vn -0.8018 -0.3418 0.4902
vn -0.1306 -0.0557 0.9899
vn -0.6176 -0.2632 -0.7411
vn -0.9062 -0.3862 0.1722
vn -0.3855 -0.1643 0.9079
vn -0.3855 -0.1643 -0.9079
vn -0.9062 -0.3862 -0.1722
vn -0.6176 -0.2632 0.7411
vn -0.1306 -0.0557 -0.9899
vn -0.8018 -0.3418 -0.4902
vn -0.1306 0.0557 -0.9899
vn -0.8018 0.3418 -0.4902
vn -0.8018 0.3418 0.4902
vn -0.1306 0.0557 0.9899
vn -0.6176 0.2632 -0.7411
vn -0.9062 0.3862 0.1722
vn -0.3855 0.1643 0.9079
vn -0.3855 0.1643 -0.9079
vn -0.9062 0.3862 -0.1722
vn -0.6176 0.2632 0.7411
vn -0.5679 0.8132 -0.1273
vn -0.4448 0.6369 0.6297
vn -0.1098 0.1572 -0.9814
vn -0.5292 0.7578 -0.3817
vn -0.5292 0.7578 0.3817
vn -0.1098 0.1572 0.9814
vn -0.4448 0.6369 -0.6297
vn -0.5679 0.8132 0.1273
vn -0.3047 0.4363 0.8466
vn -0.3047 0.4363 -0.8466
vn -0.1871 0.6000 0.7778
vn -0.1871 0.6000 -0.7778
vn -0.2962 0.9499 -0.0994
vn -0.2518 0.8075 0.5334
vn -0.0725 0.2325 -0.9699
vn -0.2834 0.9089 -0.3059
vn -0.2834 0.9089 0.3059
vn -0.0725 0.2325 0.9699
vn -0.2518 0.8075 -0.5334
vn -0.2962 0.9499 0.0994
vn -0.0921 0.9919 0.0880
vn -0.0623 0.6717 0.7382
vn -0.0623 0.6717 -0.7382
vn -0.0921 0.9919 -0.0880
vn -0.0807 0.8697 0.4870
vn -0.0253 0.2721 -0.9619
vn -0.0889 0.9578 -0.2733
vn -0.0889 0.9578 0.2733
vn -0.0253 0.2721 0.9619
vn -0.0807 0.8697 -0.4870
vn 0.0253 0.2721 0.9619
vn 0.0807 0.8697 -0.4870
vn 0.0921 0.9919 0.0880
vn 0.0623 0.6717 0.7382
vn 0.0623 0.6717 -0.7382
vn 0.0921 0.9919 -0.0880
vn 0.0807 0.8697 0.4870
vn 0.0253 0.2721 -0.9619
vn 0.0889 0.9578 -0.2733
vn 0.0889 0.9578 0.2733
vn 0.2834 0.9089 -0.3059
vn 0.2834 0.9089 0.3059
vn 0.0725 0.2325 0.9699
vn 0.2518 0.8075 -0.5334
vn 0.2962 0.9499 0.0994
vn 0.1871 0.6000 0.7778
vn 0.1871 0.6000 -0.7778
vn 0.2962 0.9499 -0.0994
vn 0.2518 0.8075 0.5334
vn 0.0725 0.2325 -0.9699
vn 0.4448 0.6369 0.6297
vn 0.1098 0.1572 -0.9814
vn 0.5292 0.7578 -0.3817
vn 0.5292 0.7578 0.3817
vn 0.1098 0.1572 0.9814
vn 0.4448 0.6369 -0.6297
vn 0.5679 0.8132 0.1273
vn 0.3047 0.4363 0.8466
vn 0.3047 0.4363 -0.8466
vn 0.5679 0.8132 -0.1273
vn 0.9062 0.3862 -0.1722
vn 0.6176 0.2632 0.7411
vn 0.1306 0.0557 -0.9899
vn 0.8018 0.3418 -0.4902
vn 0.8018 0.3418 0.4902
vn 0.1306 0.0557 0.9899
vn 0.6176 0.2632 -0.7411
vn 0.9062 0.3862 0.1722
vn 0.3855 0.1643 0.9079
vn 0.3855 0.1643 -0.9079
vn 0.3855 -0.1643 0.9079
vn 0.3855 -0.1643 -0.9079
vn 0.9062 -0.3862 -0.1722
vn 0.6176 -0.2632 0.7411
vn 0.1306 -0.0557 -0.9899
vn 0.8018 -0.3418 -0.4902
vn 0.8018 -0.3418 0.4902
vn 0.1306 -0.0557 0.9899
vn 0.6176 -0.2632 -0.7411
vn 0.9062 -0.3862 0.1722
vn 0.4448 -0.6369 -0.6297
vn 0.5679 -0.8132 0.1273
vn 0.3047 -0.4363 0.8466
vn 0.3047 -0.4363 -0.8466
vn 0.5679 -0.8132 -0.1273
vn 0.4448 -0.6369 0.6297
vn 0.1098 -0.1572 -0.9814
vn 0.5292 -0.7578 -0.3817
vn 0.5292 -0.7578 0.3817
vn 0.1098 -0.1572 0.9814
vn 0.2834 -0.9089 0.3059
vn 0.0725 -0.2325 0.9699
vn 0.2518 -0.8075 -0.5334
vn 0.2962 -0.9499 0.0994
vn 0.1871 -0.6000 0.7778
vn 0.1871 -0.6000 -0.7778
vn 0.2962 -0.9499 -0.0994
vn 0.2518 -0.8075 0.5334
vn 0.0725 -0.2325 -0.9699
vn 0.2834 -0.9089 -0.3059
vn 0.0889 -0.9578 -0.2733
vn 0.0889 -0.9578 0.2733
vn 0.0253 -0.2721 0.9619
vn 0.0807 -0.8697 -0.4870
vn 0.0921 -0.9919 0.0880
vn 0.0623 -0.6717 0.7382
vn 0.0623 -0.6717 -0.7382
vn 0.0921 -0.9919 -0.0880
vn 0.0807 -0.8697 0.4870
vn 0.0253 -0.2721 -0.9619
vt 0.750000 0.500000
vt 0.750000 0.600000
vt 0.687500 0.600000
vt 0.687500 0.500000
vt 0.750000 0.800000
vt 0.750000 0.900000
vt 0.687500 0.900000
vt 0.687500 0.800000
vt 0.750000 0.100000
vt 0.750000 0.200000
vt 0.687500 0.200000
vt 0.687500 0.100000
vt 0.750000 0.400000
vt 0.687500 0.400000
vt 0.750000 0.700000
vt 0.687500 0.700000
vt 0.718750 0.000000
vt 0.750000 0.300000
vt 0.687500 0.300000
vt 0.718750 1.000000
vt 0.625000 0.600000
vt 0.625000 0.500000
vt 0.625000 0.900000
vt 0.625000 0.800000
vt 0.625000 0.200000
vt 0.625000 0.100000
vt 0.625000 0.400000
vt 0.625000 0.700000
vt 0.656250 0.000000
vt 0.625000 0.300000
vt 0.656250 1.000000
vt 0.593750 1.000000
vt 0.562500 0.900000
vt 0.562500 0.300000
vt 0.562500 0.200000
vt 0.562500 0.600000
vt 0.562500 0.500000
vt 0.562500 0.800000
vt 0.562500 0.100000
vt 0.562500 0.400000
vt 0.562500 0.700000
vt 0.593750 0.000000
vt 0.500000 0.700000
vt 0.500000 0.600000
vt 0.531250 1.000000
vt 0.500000 0.900000
vt 0.500000 0.300000
vt 0.500000 0.200000
vt 0.500000 0.500000
vt 0.500000 0.800000
vt 0.500000 0.100000
vt 0.500000 0.400000
vt 0.531250 0.000000
vt 0.468750 0.000000
vt 0.437500 0.100000
vt 0.437500 0.400000
vt 0.437500 0.300000
vt 0.437500 0.700000
vt 0.437500 0.600000
vt 0.468750 1.000000
vt 0.437500 0.900000
vt 0.437500 0.200000
vt 0.437500 0.500000
vt 0.437500 0.800000
vt 0.375000 0.500000
vt 0.375000 0.400000
vt 0.375000 0.800000
vt 0.375000 0.700000
vt 0.406250 0.000000
vt 0.375000 0.100000
vt 0.375000 0.300000
vt 0.375000 0.600000
vt 0.406250 1.000000
vt 0.375000 0.900000
vt 0.375000 0.200000
vt 0.312500 0.900000
vt 0.312500 0.800000
vt 0.312500 0.200000
vt 0.312500 0.100000
vt 0.312500 0.500000
vt 0.312500 0.400000
vt 0.312500 0.700000
vt 0.343750 0.000000
vt 0.312500 0.300000
vt 0.312500 0.600000
vt 0.343750 1.000000
vt 0.250000 0.600000
vt 0.250000 0.500000
vt 0.250000 0.900000
vt 0.250000 0.800000
vt 0.250000 0.200000
vt 0.250000 0.100000
vt 0.250000 0.400000
vt 0.250000 0.700000
vt 0.281250 0.000000
vt 0.250000 0.300000
vt 0.281250 1.000000
vt 0.218750 1.000000
vt 0.187500 0.900000
vt 0.187500 0.300000
vt 0.187500 0.200000
vt 0.187500 0.600000
vt 0.187500 0.500000
vt 0.187500 0.800000
vt 0.187500 0.100000
vt 0.187500 0.400000
vt 0.187500 0.700000
vt 0.218750 0.000000
vt 0.125000 0.400000
vt 0.125000 0.300000
vt 0.125000 0.700000
vt 0.125000 0.600000
vt 0.156250 1.000000
vt 0.125000 0.900000
vt 0.125000 0.200000
vt 0.125000 0.500000
vt 0.125000 0.800000
vt 0.125000 0.100000
vt 0.156250 0.000000
vt 0.062500 0.800000
vt 0.062500 0.700000
vt 0.093750 0.000000
vt 0.062500 0.100000
vt 0.062500 0.400000
vt 0.062500 0.300000
vt 0.062500 0.600000
vt 0.093750 1.000000
vt 0.062500 0.900000
vt 0.062500 0.200000
vt 0.062500 0.500000
vt 0.000000 0.500000
vt 0.000000 0.400000
vt 0.000000 0.800000
vt 0.000000 0.700000
vt 0.031250 0.000000
vt 0.000000 0.100000
vt 0.000000 0.300000
vt 0.000000 0.600000
vt 0.031250 1.000000
vt 0.000000 0.900000
vt 0.000000 0.200000
vt 1.000000 0.800000
vt 1.000000 0.900000
vt 0.937500 0.900000
vt 0.937500 0.800000
vt 1.000000 0.100000
vt 1.000000 0.200000
vt 0.937500 0.200000
vt 0.937500 0.100000
vt 1.000000 0.400000
vt 1.000000 0.500000
vt 0.937500 0.500000
vt 0.937500 0.400000
vt 1.000000 0.700000
vt 0.937500 0.700000
vt 0.968750 0.000000
vt 1.000000 0.300000
vt 0.937500 0.300000
vt 1.000000 0.600000
vt 0.937500 0.600000
vt 0.968750 1.000000
vt 0.875000 0.300000
vt 0.875000 0.200000
vt 0.875000 0.600000
vt 0.875000 0.500000
vt 0.875000 0.900000
vt 0.875000 0.800000
vt 0.875000 0.100000
vt 0.875000 0.400000
vt 0.875000 0.700000
vt 0.906250 0.000000
vt 0.906250 1.000000
vt 0.812500 0.700000
vt 0.812500 0.600000
vt 0.843750 1.000000
vt 0.812500 0.900000
vt 0.812500 0.300000
vt 0.812500 0.200000
vt 0.812500 0.500000
vt 0.812500 0.800000
vt 0.812500 0.100000
vt 0.812500 0.400000
vt 0.843750 0.000000
vt 0.781250 1.000000
vt 0.781250 0.000000
s 0
f 1229/1747/1197 1371/1748/1197 1237/1749/1197 1238/1750/1197
f 1370/1751/1198 1369/1752/1198 1234/1753/1198 1235/1754/1198
f 1232/1755/1199 1372/1756/1199 1241/1757/1199 1242/1758/1199
f 1230/1759/1200 1229/1747/1200 1238/1750/1200 1239/1760/1200
f 1228/1761/1201 1370/1751/1201 1235/1754/1201 1236/1762/1201
f 1233/1763/1202 1232/1755/1202 1242/1758/1202
f 1231/1764/1203 1230/1759/1203 1239/1760/1203 1240/1765/1203
f 1371/1748/1204 1228/1761/1204 1236/1762/1204 1237/1749/1204
f 1369/1752/1205 1227/1766/1205 1234/1753/1205
f 1372/1756/1206 1231/1764/1206 1240/1765/1206 1241/1757/1206
f 1238/1750/1207 1237/1749/1207 1246/1767/1207 1247/1768/1207
f 1235/1754/1208 1234/1753/1208 1243/1769/1208 1244/1770/1208
f 1242/1758/1209 1241/1757/1209 1250/1771/1209 1251/1772/1209
f 1239/1760/1210 1238/1750/1210 1247/1768/1210 1248/1773/1210
f 1236/1762/1211 1235/1754/1211 1244/1770/1211 1245/1774/1211
f 1233/1775/1212 1242/1758/1212 1251/1772/1212
f 1240/1765/1213 1239/1760/1213 1248/1773/1213 1249/1776/1213
f 1237/1749/1214 1236/1762/1214 1245/1774/1214 1246/1767/1214
f 1234/1753/1215 1227/1777/1215 1243/1769/1215
f 1241/1757/1216 1240/1765/1216 1249/1776/1216 1250/1771/1216
f 1243/1769/1217 1227/1778/1217 1252/1779/1217
f 1250/1771/1218 1249/1776/1218 1258/1780/1218 1259/1781/1218
f 1247/1768/1219 1246/1767/1219 1255/1782/1219 1256/1783/1219
f 1244/1770/1220 1243/1769/1220 1252/1779/1220 1253/1784/1220
f 1251/1772/1221 1250/1771/1221 1259/1781/1221 1260/1785/1221
f 1248/1773/1222 1247/1768/1222 1256/1783/1222 1257/1786/1222
f 1245/1774/1223 1244/1770/1223 1253/1784/1223 1254/1787/1223
f 1233/1788/1224 1251/1772/1224 1260/1785/1224
f 1249/1776/1225 1248/1773/1225 1257/1786/1225 1258/1780/1225
f 1246/1767/1226 1245/1774/1226 1254/1787/1226 1255/1782/1226
f 1255/1782/1227 1254/1787/1227 1263/1789/1227 1264/1790/1227
f 1252/1779/1228 1227/1791/1228 1261/1792/1228
f 1259/1781/1229 1258/1780/1229 1267/1793/1229 1268/1794/1229
f 1256/1783/1230 1255/1782/1230 1264/1790/1230 1265/1795/1230
f 1253/1784/1231 1252/1779/1231 1261/1792/1231 1262/1796/1231
f 1260/1785/1232 1259/1781/1232 1268/1794/1232 1269/1797/1232
f 1257/1786/1233 1256/1783/1233 1265/1795/1233 1266/1798/1233
f 1254/1787/1234 1253/1784/1234 1262/1796/1234 1263/1789/1234
f 1233/1799/1235 1260/1785/1235 1269/1797/1235
f 1258/1780/1236 1257/1786/1236 1266/1798/1236 1267/1793/1236
f 1233/1800/1237 1269/1797/1237 1278/1801/1237
f 1267/1793/1238 1266/1798/1238 1275/1802/1238 1276/1803/1238
f 1264/1790/1239 1263/1789/1239 1272/1804/1239 1273/1805/1239
f 1261/1792/1240 1227/1806/1240 1270/1807/1240
f 1268/1794/1241 1267/1793/1241 1276/1803/1241 1277/1808/1241
f 1265/1795/1242 1264/1790/1242 1273/1805/1242 1274/1809/1242
f 1262/1796/1243 1261/1792/1243 1270/1807/1243 1271/1810/1243
f 1269/1797/1244 1268/1794/1244 1277/1808/1244 1278/1801/1244
f 1266/1798/1245 1265/1795/1245 1274/1809/1245 1275/1802/1245
f 1263/1789/1246 1262/1796/1246 1271/1810/1246 1272/1804/1246
f 1275/1802/1247 1274/1809/1247 1283/1811/1247 1284/1812/1247
f 1272/1804/1248 1271/1810/1248 1280/1813/1248 1281/1814/1248
f 1233/1815/1249 1278/1801/1249 1287/1816/1249
f 1276/1803/1250 1275/1802/1250 1284/1812/1250 1285/1817/1250
f 1273/1805/1251 1272/1804/1251 1281/1814/1251 1282/1818/1251
f 1270/1807/1252 1227/1819/1252 1279/1820/1252
f 1277/1808/1253 1276/1803/1253 1285/1817/1253 1286/1821/1253
f 1274/1809/1254 1273/1805/1254 1282/1818/1254 1283/1811/1254
f 1271/1810/1255 1270/1807/1255 1279/1820/1255 1280/1813/1255
f 1278/1801/1256 1277/1808/1256 1286/1821/1256 1287/1816/1256
f 1280/1813/1257 1279/1820/1257 1288/1822/1257 1289/1823/1257
f 1287/1816/1258 1286/1821/1258 1295/1824/1258 1296/1825/1258
f 1284/1812/1259 1283/1811/1259 1292/1826/1259 1293/1827/1259
f 1281/1814/1260 1280/1813/1260 1289/1823/1260 1290/1828/1260
f 1233/1829/1261 1287/1816/1261 1296/1825/1261
f 1285/1817/1262 1284/1812/1262 1293/1827/1262 1294/1830/1262
f 1282/1818/1263 1281/1814/1263 1290/1828/1263 1291/1831/1263
f 1279/1820/1264 1227/1832/1264 1288/1822/1264
f 1286/1821/1265 1285/1817/1265 1294/1830/1265 1295/1824/1265
f 1283/1811/1266 1282/1818/1266 1291/1831/1266 1292/1826/1266
f 1292/1826/1267 1291/1831/1267 1300/1833/1267 1301/1834/1267
f 1289/1823/1268 1288/1822/1268 1297/1835/1268 1298/1836/1268
f 1296/1825/1269 1295/1824/1269 1304/1837/1269 1305/1838/1269
f 1293/1827/1270 1292/1826/1270 1301/1834/1270 1302/1839/1270
f 1290/1828/1271 1289/1823/1271 1298/1836/1271 1299/1840/1271
f 1233/1841/1272 1296/1825/1272 1305/1838/1272
f 1294/1830/1273 1293/1827/1273 1302/1839/1273 1303/1842/1273
f 1291/1831/1274 1290/1828/1274 1299/1840/1274 1300/1833/1274
f 1288/1822/1275 1227/1843/1275 1297/1835/1275
f 1295/1824/1276 1294/1830/1276 1303/1842/1276 1304/1837/1276
f 1297/1835/1277 1227/1844/1277 1306/1845/1277
f 1304/1837/1278 1303/1842/1278 1312/1846/1278 1313/1847/1278
f 1301/1834/1279 1300/1833/1279 1309/1848/1279 1310/1849/1279
f 1298/1836/1280 1297/1835/1280 1306/1845/1280 1307/1850/1280
f 1305/1838/1281 1304/1837/1281 1313/1847/1281 1314/1851/1281
f 1302/1839/1282 1301/1834/1282 1310/1849/1282 1311/1852/1282
f 1299/1840/1283 1298/1836/1283 1307/1850/1283 1308/1853/1283
f 1233/1854/1284 1305/1838/1284 1314/1851/1284
f 1303/1842/1285 1302/1839/1285 1311/1852/1285 1312/1846/1285
f 1300/1833/1286 1299/1840/1286 1308/1853/1286 1309/1848/1286
f 1312/1846/1287 1311/1852/1287 1320/1855/1287 1321/1856/1287
f 1309/1848/1288 1308/1853/1288 1317/1857/1288 1318/1858/1288
f 1306/1845/1289 1227/1859/1289 1315/1860/1289
f 1313/1847/1290 1312/1846/1290 1321/1856/1290 1322/1861/1290
f 1310/1849/1291 1309/1848/1291 1318/1858/1291 1319/1862/1291
f 1307/1850/1292 1306/1845/1292 1315/1860/1292 1316/1863/1292
f 1314/1851/1293 1313/1847/1293 1322/1861/1293 1323/1864/1293
f 1311/1852/1294 1310/1849/1294 1319/1862/1294 1320/1855/1294
f 1308/1853/1295 1307/1850/1295 1316/1863/1295 1317/1857/1295
f 1233/1865/1296 1314/1851/1296 1323/1864/1296
f 1317/1857/1297 1316/1863/1297 1325/1866/1297 1326/1867/1297
f 1233/1868/1298 1323/1864/1298 1332/1869/1298
f 1321/1856/1299 1320/1855/1299 1329/1870/1299 1330/1871/1299
f 1318/1858/1300 1317/1857/1300 1326/1867/1300 1327/1872/1300
f 1315/1860/1301 1227/1873/1301 1324/1874/1301
f 1322/1861/1302 1321/1856/1302 1330/1871/1302 1331/1875/1302
f 1319/1862/1303 1318/1858/1303 1327/1872/1303 1328/1876/1303
f 1316/1863/1304 1315/1860/1304 1324/1874/1304 1325/1866/1304
f 1323/1864/1305 1322/1861/1305 1331/1875/1305 1332/1869/1305
f 1320/1855/1306 1319/1862/1306 1328/1876/1306 1329/1870/1306
f 1329/1870/1307 1328/1876/1307 1337/1877/1307 1338/1878/1307
f 1326/1867/1308 1325/1866/1308 1334/1879/1308 1335/1880/1308
f 1233/1881/1309 1332/1869/1309 1341/1882/1309
f 1330/1871/1310 1329/1870/1310 1338/1878/1310 1339/1883/1310
f 1327/1872/1311 1326/1867/1311 1335/1880/1311 1336/1884/1311
f 1324/1874/1312 1227/1885/1312 1333/1886/1312
f 1331/1875/1313 1330/1871/1313 1339/1883/1313 1340/1887/1313
f 1328/1876/1314 1327/1872/1314 1336/1884/1314 1337/1877/1314
f 1325/1866/1315 1324/1874/1315 1333/1886/1315 1334/1879/1315
f 1332/1869/1316 1331/1875/1316 1340/1887/1316 1341/1882/1316
f 1334/1888/1317 1333/1889/1317 1342/1890/1317 1343/1891/1317
f 1341/1892/1318 1340/1893/1318 1349/1894/1318 1350/1895/1318
f 1338/1896/1319 1337/1897/1319 1346/1898/1319 1347/1899/1319
f 1335/1900/1320 1334/1888/1320 1343/1891/1320 1344/1901/1320
f 1233/1902/1321 1341/1892/1321 1350/1895/1321
f 1339/1903/1322 1338/1896/1322 1347/1899/1322 1348/1904/1322
f 1336/1905/1323 1335/1900/1323 1344/1901/1323 1345/1906/1323
f 1333/1889/1324 1227/1907/1324 1342/1890/1324
f 1340/1893/1325 1339/1903/1325 1348/1904/1325 1349/1894/1325
f 1337/1897/1326 1336/1905/1326 1345/1906/1326 1346/1898/1326
f 1349/1894/1327 1348/1904/1327 1357/1908/1327 1358/1909/1327
f 1346/1898/1328 1345/1906/1328 1354/1910/1328 1355/1911/1328
f 1343/1891/1329 1342/1890/1329 1351/1912/1329 1352/1913/1329
f 1350/1895/1330 1349/1894/1330 1358/1909/1330 1359/1914/1330
f 1347/1899/1331 1346/1898/1331 1355/1911/1331 1356/1915/1331
f 1344/1901/1332 1343/1891/1332 1352/1913/1332 1353/1916/1332
f 1233/1917/1333 1350/1895/1333 1359/1914/1333
f 1348/1904/1334 1347/1899/1334 1356/1915/1334 1357/1908/1334
f 1345/1906/1335 1344/1901/1335 1353/1916/1335 1354/1910/1335
f 1342/1890/1336 1227/1918/1336 1351/1912/1336
f 1354/1910/1337 1353/1916/1337 1362/1919/1337 1363/1920/1337
f 1351/1912/1338 1227/1921/1338 1360/1922/1338
f 1358/1909/1339 1357/1908/1339 1366/1923/1339 1367/1924/1339
f 1355/1911/1340 1354/1910/1340 1363/1920/1340 1364/1925/1340
f 1352/1913/1341 1351/1912/1341 1360/1922/1341 1361/1926/1341
f 1359/1914/1342 1358/1909/1342 1367/1924/1342 1368/1927/1342
f 1356/1915/1343 1355/1911/1343 1364/1925/1343 1365/1928/1343
f 1353/1916/1344 1352/1913/1344 1361/1926/1344 1362/1919/1344
f 1233/1929/1345 1359/1914/1345 1368/1927/1345
f 1357/1908/1346 1356/1915/1346 1365/1928/1346 1366/1923/1346
f 1366/1923/1347 1365/1928/1347 1230/1759/1347 1231/1764/1347
f 1363/1920/1348 1362/1919/1348 1228/1761/1348 1371/1748/1348
f 1360/1922/1349 1227/1930/1349 1369/1752/1349
f 1367/1924/1350 1366/1923/1350 1231/1764/1350 1372/1756/1350
f 1364/1925/1351 1363/1920/1351 1371/1748/1351 1229/1747/1351
f 1361/1926/1352 1360/1922/1352 1369/1752/1352 1370/1751/1352
f 1368/1927/1353 1367/1924/1353 1372/1756/1353 1232/1755/1353
f 1365/1928/1354 1364/1925/1354 1229/1747/1354 1230/1759/1354
f 1362/1919/1355 1361/1926/1355 1370/1751/1355 1228/1761/1355
f 1233/1931/1356 1368/1927/1356 1232/1755/1356
